step,L0.qk_joint.T_soft,L0.qk_joint.T_sel,L0.v_lut.T_soft,L0.v_lut.T_sel,L0.out_proj.T_soft,L0.out_proj.T_sel,L0.ffn_lut.T_soft,L0.ffn_lut.T_sel,L0.residual_lut.T_soft,L0.residual_lut.T_sel,L1.qk_joint.T_soft,L1.qk_joint.T_sel,L1.v_lut.T_soft,L1.v_lut.T_sel,L1.out_proj.T_soft,L1.out_proj.T_sel,L1.ffn_lut.T_soft,L1.ffn_lut.T_sel,L1.residual_lut.T_soft,L1.residual_lut.T_sel,L2.qk_joint.T_soft,L2.qk_joint.T_sel,L2.v_lut.T_soft,L2.v_lut.T_sel,L2.out_proj.T_soft,L2.out_proj.T_sel,L2.ffn_lut.T_soft,L2.ffn_lut.T_sel,L2.residual_lut.T_soft,L2.residual_lut.T_sel,L3.qk_joint.T_soft,L3.qk_joint.T_sel,L3.v_lut.T_soft,L3.v_lut.T_sel,L3.out_proj.T_soft,L3.out_proj.T_sel,L3.ffn_lut.T_soft,L3.ffn_lut.T_sel,L3.residual_lut.T_soft,L3.residual_lut.T_sel,L4.qk_joint.T_soft,L4.qk_joint.T_sel,L4.v_lut.T_soft,L4.v_lut.T_sel,L4.out_proj.T_soft,L4.out_proj.T_sel,L4.ffn_lut.T_soft,L4.ffn_lut.T_sel,L4.residual_lut.T_soft,L4.residual_lut.T_sel,L5.qk_joint.T_soft,L5.qk_joint.T_sel,L5.v_lut.T_soft,L5.v_lut.T_sel,L5.out_proj.T_soft,L5.out_proj.T_sel,L5.ffn_lut.T_soft,L5.ffn_lut.T_sel,L5.residual_lut.T_soft,L5.residual_lut.T_sel
0,0.500000,0.500000,0.500000,0.500000,0.500000,0.500000,0.500000,0.500000,0.500000,0.500000,0.500000,0.500000,0.500000,0.500000,0.500000,0.500000,0.500000,0.500000,0.500000,0.500000,0.500000,0.500000,0.500000,0.500000,0.500000,0.500000,0.500000,0.500000,0.500000,0.500000,0.500000,0.500000,0.500000,0.500000,0.500000,0.500000,0.500000,0.500000,0.500000,0.500000,0.500000,0.500000,0.500000,0.500000,0.500000,0.500000,0.500000,0.500000,0.500000,0.500000,0.500000,0.500000,0.500000,0.500000,0.500000,0.500000,0.500000,0.500000,0.500000,0.500000
200,0.497979,0.497882,0.499144,0.499143,0.499509,0.499460,0.500472,0.500527,0.497770,0.497795,0.499282,0.499592,0.498311,0.498418,0.499056,0.498885,0.499765,0.499710,0.499048,0.499013,0.499857,0.499779,0.498237,0.498329,0.498844,0.498669,0.499455,0.499401,0.499146,0.499100,0.499996,0.499947,0.497814,0.497970,0.498724,0.498569,0.499359,0.499260,0.499091,0.499025,0.500004,0.499974,0.498245,0.498342,0.498820,0.498654,0.499441,0.499364,0.499058,0.498987,0.500012,0.499960,0.498366,0.498444,0.498865,0.498692,0.499765,0.499700,0.499087,0.499046
400,0.490435,0.490082,0.498545,0.498603,0.496963,0.496536,0.498151,0.499338,0.487827,0.487852,0.495100,0.495316,0.495439,0.495669,0.496611,0.496140,0.500961,0.501165,0.496516,0.496303,0.497698,0.497866,0.494600,0.495078,0.497454,0.496951,0.495156,0.495122,0.506477,0.506084,0.500170,0.500520,0.499859,0.500226,0.501822,0.501196,0.495770,0.495707,0.506463,0.505666,0.500082,0.499965,0.499064,0.499326,0.500423,0.500095,0.496513,0.496470,0.505859,0.505288,0.499126,0.499087,0.498886,0.499815,0.502260,0.501794,0.496527,0.496859,0.506812,0.506446
600,0.475696,0.475319,0.499903,0.500278,0.491245,0.490353,0.492922,0.495731,0.472803,0.472760,0.488577,0.488594,0.491916,0.492199,0.493051,0.492189,0.507400,0.508538,0.493796,0.492781,0.498146,0.498559,0.497378,0.498406,0.503439,0.501568,0.493115,0.492618,0.520953,0.519517,0.502125,0.502741,0.503340,0.502381,0.501601,0.499878,0.488269,0.487486,0.522202,0.519472,0.497668,0.497823,0.503964,0.498651,0.498295,0.497080,0.490931,0.490041,0.521279,0.520010,0.497684,0.497601,0.503562,0.502928,0.504696,0.503097,0.491877,0.491575,0.522852,0.521785
800,0.457216,0.456770,0.497141,0.497629,0.486510,0.485184,0.482725,0.487531,0.452970,0.452757,0.478875,0.476400,0.486911,0.487542,0.487493,0.485942,0.518468,0.520903,0.489888,0.488063,0.499568,0.500000,0.500287,0.501781,0.509237,0.505884,0.488022,0.486660,0.541111,0.539298,0.501919,0.503583,0.514218,0.510905,0.509002,0.503680,0.473862,0.471990,0.546574,0.537246,0.494504,0.494434,0.514289,0.498664,0.505045,0.499378,0.477988,0.476401,0.544360,0.538868,0.497777,0.497945,0.513257,0.502305,0.510761,0.504527,0.479384,0.477972,0.546454,0.544118
1000,0.434575,0.434053,0.489222,0.489500,0.481041,0.479370,0.472829,0.477792,0.431830,0.431436,0.468999,0.463211,0.481237,0.482631,0.481823,0.479185,0.530465,0.535657,0.484834,0.482171,0.500170,0.500194,0.500651,0.502617,0.515120,0.509705,0.484851,0.482276,0.562581,0.558188,0.499978,0.503090,0.530674,0.527133,0.526782,0.518712,0.456297,0.453262,0.575379,0.553588,0.495729,0.495937,0.528899,0.503536,0.523616,0.514171,0.462235,0.459024,0.571972,0.554598,0.499974,0.500718,0.527144,0.503540,0.524769,0.513683,0.466933,0.463990,0.573557,0.564981
1200,0.410447,0.409883,0.479977,0.479979,0.474723,0.472663,0.462224,0.465334,0.411699,0.411038,0.461106,0.449422,0.475763,0.477939,0.477032,0.473040,0.543512,0.550463,0.479110,0.475734,0.500409,0.500082,0.500060,0.502348,0.519266,0.512206,0.484743,0.480629,0.579606,0.572540,0.500677,0.503643,0.549757,0.543844,0.545866,0.536286,0.440810,0.436174,0.604102,0.568906,0.492370,0.493448,0.543537,0.506265,0.542795,0.530863,0.448861,0.444043,0.596269,0.566444,0.496609,0.498167,0.537179,0.503011,0.541278,0.527809,0.453721,0.449543,0.600152,0.581913
1400,0.388687,0.388012,0.470589,0.470427,0.466981,0.464472,0.452375,0.451434,0.393038,0.391867,0.455498,0.436177,0.470059,0.473006,0.471778,0.466512,0.554987,0.562652,0.472610,0.468687,0.500928,0.500429,0.498786,0.501307,0.520865,0.512734,0.486760,0.481075,0.597665,0.586155,0.498425,0.502161,0.569913,0.562256,0.565284,0.552784,0.430689,0.423228,0.628826,0.581929,0.493688,0.493696,0.562530,0.509829,0.562438,0.547924,0.436915,0.429861,0.615600,0.575190,0.497706,0.500167,0.552127,0.503205,0.559731,0.542534,0.442209,0.435732,0.629279,0.603330
1600,0.368210,0.367378,0.460003,0.459737,0.458398,0.455264,0.447707,0.438401,0.374927,0.373161,0.455848,0.424087,0.464270,0.467985,0.465904,0.459920,0.564913,0.574037,0.464951,0.460303,0.500571,0.499865,0.496026,0.498899,0.521486,0.512594,0.490148,0.482644,0.610628,0.596556,0.499465,0.503581,0.590407,0.581440,0.585399,0.570939,0.421857,0.410955,0.655481,0.597568,0.491564,0.491790,0.576823,0.515115,0.580053,0.563619,0.427923,0.418261,0.633019,0.584713,0.498013,0.499946,0.563428,0.503474,0.576372,0.556833,0.432499,0.423904,0.653992,0.621153
1800,0.350115,0.348923,0.450583,0.450294,0.449688,0.445734,0.447609,0.426567,0.359685,0.356553,0.459281,0.413842,0.458279,0.462498,0.460840,0.453956,0.576967,0.584809,0.458012,0.452687,0.499635,0.499311,0.493848,0.496888,0.520385,0.510966,0.494553,0.484994,0.621075,0.605586,0.499759,0.504653,0.610782,0.598530,0.604484,0.588397,0.416415,0.401188,0.679727,0.613575,0.491154,0.490795,0.589518,0.516979,0.598230,0.580135,0.418853,0.406407,0.644760,0.592180,0.496360,0.500496,0.575570,0.504485,0.595341,0.572792,0.422369,0.411490,0.679867,0.633390
2000,0.333739,0.332065,0.439497,0.439187,0.441646,0.436621,0.450574,0.415058,0.346182,0.341071,0.464603,0.403752,0.452201,0.456967,0.455701,0.447870,0.586063,0.593450,0.451290,0.445226,0.499403,0.498931,0.492045,0.495303,0.520124,0.510026,0.500060,0.488012,0.631449,0.613638,0.498213,0.502680,0.631565,0.614574,0.622532,0.603944,0.415329,0.394131,0.703469,0.630494,0.490740,0.488940,0.599871,0.520967,0.615593,0.596811,0.409698,0.394656,0.655275,0.599699,0.495877,0.500136,0.586140,0.506977,0.615416,0.590294,0.414442,0.400554,0.702878,0.644272
2200,0.319839,0.317230,0.429638,0.429376,0.432802,0.426641,0.458533,0.405139,0.334184,0.326327,0.471843,0.393898,0.446383,0.451755,0.450850,0.442375,0.592923,0.601562,0.444592,0.437793,0.498683,0.498084,0.489217,0.492788,0.518637,0.508118,0.504695,0.490309,0.638694,0.620588,0.498439,0.502578,0.648794,0.627421,0.638783,0.619381,0.417657,0.388923,0.725687,0.647174,0.493722,0.489732,0.602521,0.520751,0.629530,0.611919,0.405925,0.386363,0.666021,0.608715,0.497486,0.499905,0.594777,0.509291,0.636453,0.608824,0.409623,0.391405,0.721002,0.651640
2400,0.308919,0.304769,0.419634,0.419475,0.424653,0.417027,0.469007,0.397421,0.326051,0.313392,0.484805,0.386757,0.440527,0.446378,0.446124,0.436362,0.599416,0.607781,0.438479,0.430661,0.497863,0.497262,0.486861,0.490673,0.516779,0.505855,0.508460,0.492304,0.643331,0.625491,0.498555,0.500962,0.654020,0.630443,0.644436,0.628440,0.415815,0.381803,0.746434,0.660451,0.492111,0.488382,0.603467,0.518994,0.640091,0.623374,0.403998,0.380460,0.683815,0.624321,0.501237,0.503108,0.605754,0.514909,0.654859,0.625191,0.404870,0.382879,0.736582,0.658008
2600,0.300631,0.294488,0.409096,0.409027,0.416509,0.407025,0.482957,0.391600,0.321565,0.301806,0.497710,0.380904,0.434658,0.440807,0.440686,0.430003,0.607839,0.615073,0.432515,0.423597,0.496163,0.495378,0.484621,0.488741,0.514800,0.503644,0.513245,0.494749,0.648335,0.631462,0.498269,0.501258,0.668794,0.636993,0.653203,0.642118,0.414649,0.375364,0.768107,0.674079,0.493963,0.490550,0.613728,0.521402,0.654809,0.639754,0.402928,0.373923,0.712933,0.643120,0.503765,0.505731,0.621514,0.522954,0.675205,0.642226,0.402077,0.375037,0.751214,0.664426
2800,0.294683,0.286165,0.399802,0.399846,0.408877,0.397083,0.497460,0.386297,0.320928,0.291865,0.511744,0.376547,0.430017,0.436398,0.436650,0.424980,0.612665,0.618702,0.427257,0.416903,0.494876,0.494104,0.481433,0.485867,0.511293,0.500302,0.516816,0.495868,0.651555,0.635378,0.497362,0.500402,0.675677,0.639641,0.656573,0.647704,0.418296,0.372614,0.783909,0.684965,0.492187,0.488571,0.620018,0.524006,0.668706,0.653781,0.402525,0.368640,0.740634,0.660318,0.501994,0.504072,0.634317,0.529209,0.691021,0.654888,0.401585,0.369830,0.761279,0.668976
3000,0.289831,0.278823,0.390221,0.390417,0.402196,0.387498,0.513727,0.382433,0.324373,0.282771,0.526897,0.372301,0.425075,0.431741,0.433249,0.420334,0.618822,0.623664,0.422135,0.410304,0.493564,0.492827,0.478738,0.483403,0.508054,0.497420,0.519085,0.496765,0.652846,0.638072,0.496259,0.499725,0.681226,0.641597,0.659125,0.650571,0.419007,0.368766,0.807403,0.701608,0.492583,0.488766,0.627101,0.528435,0.683703,0.667008,0.403917,0.364160,0.764831,0.671575,0.502291,0.503790,0.648612,0.535287,0.707460,0.667963,0.402987,0.364665,0.769546,0.672789
3200,0.287209,0.273456,0.380208,0.380574,0.396814,0.378720,0.530648,0.378747,0.330470,0.275005,0.542337,0.368656,0.419863,0.426670,0.429853,0.415715,0.623570,0.628121,0.416907,0.403442,0.492274,0.491392,0.476207,0.481079,0.504873,0.494560,0.520357,0.496481,0.652830,0.638227,0.496363,0.499842,0.691198,0.645203,0.662683,0.655042,0.420448,0.365279,0.834756,0.716693,0.494008,0.489925,0.635531,0.533983,0.697029,0.678445,0.406880,0.361416,0.785623,0.679522,0.499779,0.500703,0.660057,0.541574,0.724767,0.681358,0.404949,0.360347,0.776198,0.675983
3400,0.285142,0.268983,0.371318,0.371807,0.391989,0.369886,0.548443,0.376221,0.338410,0.269175,0.557069,0.364877,0.415779,0.422732,0.426274,0.410786,0.627578,0.630195,0.412585,0.397200,0.491342,0.490245,0.473452,0.478619,0.501828,0.491548,0.521729,0.496842,0.651879,0.636981,0.495549,0.499590,0.703630,0.648655,0.665737,0.659163,0.423388,0.363369,0.864630,0.731984,0.494586,0.490534,0.647773,0.542144,0.712501,0.691339,0.411041,0.358675,0.804213,0.686951,0.501386,0.502252,0.669493,0.546820,0.738306,0.692056,0.408504,0.357874,0.781885,0.678879
3600,0.283973,0.265398,0.363120,0.363728,0.388933,0.362508,0.567091,0.375976,0.347835,0.264540,0.574055,0.363547,0.411492,0.418602,0.424028,0.406888,0.632322,0.633231,0.408645,0.391103,0.490512,0.489036,0.470821,0.476165,0.498394,0.488309,0.521499,0.495533,0.650032,0.633716,0.497441,0.501912,0.717236,0.652873,0.669610,0.664691,0.426489,0.361046,0.892275,0.742452,0.494459,0.490322,0.660278,0.548565,0.724406,0.700608,0.414863,0.356979,0.818952,0.692535,0.501597,0.502217,0.679929,0.552445,0.752696,0.703793,0.412844,0.355827,0.786656,0.681275
