step,L0.qkv_lut.T_soft,L0.qkv_lut.T_sel,L0.v_lut.T_soft,L0.v_lut.T_sel,L0.out_proj.T_soft,L0.out_proj.T_sel,L0.residual_lut.T_soft,L0.residual_lut.T_sel,L1.qkv_lut.T_soft,L1.qkv_lut.T_sel,L1.v_lut.T_soft,L1.v_lut.T_sel,L1.out_proj.T_soft,L1.out_proj.T_sel,L1.residual_lut.T_soft,L1.residual_lut.T_sel,L2.qkv_lut.T_soft,L2.qkv_lut.T_sel,L2.v_lut.T_soft,L2.v_lut.T_sel,L2.out_proj.T_soft,L2.out_proj.T_sel,L2.residual_lut.T_soft,L2.residual_lut.T_sel,L3.qkv_lut.T_soft,L3.qkv_lut.T_sel,L3.v_lut.T_soft,L3.v_lut.T_sel,L3.out_proj.T_soft,L3.out_proj.T_sel,L3.residual_lut.T_soft,L3.residual_lut.T_sel,L4.qkv_lut.T_soft,L4.qkv_lut.T_sel,L4.v_lut.T_soft,L4.v_lut.T_sel,L4.out_proj.T_soft,L4.out_proj.T_sel,L4.residual_lut.T_soft,L4.residual_lut.T_sel,L5.qkv_lut.T_soft,L5.qkv_lut.T_sel,L5.v_lut.T_soft,L5.v_lut.T_sel,L5.out_proj.T_soft,L5.out_proj.T_sel,L5.residual_lut.T_soft,L5.residual_lut.T_sel
0,0.500000,0.500000,0.500000,0.500000,0.500000,0.500000,0.500000,0.500000,0.500000,0.500000,0.500000,0.500000,0.500000,0.500000,0.500000,0.500000,0.500000,0.500000,0.500000,0.500000,0.500000,0.500000,0.500000,0.500000,0.500000,0.500000,0.500000,0.500000,0.500000,0.500000,0.500000,0.500000,0.500000,0.500000,0.500000,0.500000,0.500000,0.500000,0.500000,0.500000,0.500000,0.500000,0.500000,0.500000,0.500000,0.500000,0.500000,0.500000
200,0.498435,0.498471,0.497381,0.497366,0.497156,0.497159,0.497633,0.497588,0.497644,0.497502,0.497958,0.497984,0.498370,0.498363,0.501740,0.501212,0.498385,0.498377,0.498197,0.498192,0.498202,0.498193,0.502851,0.502733,0.498958,0.498964,0.498632,0.498634,0.498381,0.498386,0.502945,0.502787,0.499149,0.499071,0.499079,0.499033,0.498738,0.498743,0.502960,0.502824,0.499183,0.499070,0.499222,0.499103,0.498640,0.498640,0.502784,0.502635
400,0.492288,0.492436,0.488137,0.488141,0.487152,0.487244,0.488669,0.488357,0.496366,0.489097,0.488026,0.487953,0.490388,0.490454,0.495827,0.494117,0.495696,0.493639,0.493449,0.493301,0.493971,0.493998,0.509505,0.508386,0.493650,0.493840,0.493673,0.493654,0.493060,0.493063,0.512983,0.512434,0.494344,0.491868,0.494445,0.492159,0.491824,0.491832,0.513316,0.512903,0.497057,0.494767,0.497404,0.494884,0.494227,0.494262,0.513203,0.512242
600,0.479666,0.479777,0.471670,0.471785,0.469110,0.469275,0.476906,0.475604,0.505618,0.479261,0.473581,0.472822,0.473721,0.473922,0.488287,0.483983,0.498410,0.487355,0.483905,0.483653,0.485066,0.485305,0.514714,0.509318,0.485738,0.486267,0.486216,0.485913,0.485366,0.485403,0.528791,0.527542,0.485301,0.479690,0.485065,0.480024,0.479658,0.479641,0.531142,0.528427,0.487824,0.483056,0.488146,0.483344,0.482688,0.482756,0.530619,0.525180
800,0.461444,0.461425,0.449147,0.449292,0.445022,0.445080,0.462617,0.459668,0.521484,0.468075,0.453066,0.451502,0.449602,0.449834,0.479400,0.471167,0.506961,0.481428,0.469331,0.468608,0.466585,0.467023,0.518398,0.507801,0.480105,0.478665,0.478735,0.477249,0.474114,0.474694,0.547792,0.544336,0.473013,0.463912,0.474259,0.465054,0.464425,0.464517,0.555372,0.543115,0.476708,0.468682,0.477232,0.469009,0.468718,0.468941,0.554299,0.540418
1000,0.440479,0.440296,0.425226,0.425403,0.419353,0.419249,0.449082,0.443717,0.543993,0.459231,0.431218,0.428117,0.423564,0.423556,0.470479,0.457166,0.520644,0.474650,0.451791,0.450117,0.442245,0.442871,0.520306,0.504048,0.476062,0.472976,0.473110,0.470499,0.459277,0.461931,0.559723,0.557729,0.464265,0.447890,0.467117,0.449496,0.448248,0.448295,0.582784,0.562025,0.471247,0.459762,0.472012,0.460651,0.461677,0.462196,0.578106,0.551446
1200,0.419934,0.419544,0.402389,0.402552,0.395324,0.395084,0.437103,0.428639,0.565862,0.451915,0.412522,0.406733,0.399648,0.399297,0.462344,0.443022,0.536790,0.469390,0.434709,0.431845,0.418215,0.418887,0.521956,0.498850,0.475008,0.469940,0.468830,0.465600,0.445385,0.450280,0.566795,0.563982,0.465231,0.439365,0.471607,0.437691,0.432277,0.430349,0.609617,0.580994,0.466849,0.449802,0.468192,0.450720,0.453478,0.454379,0.605586,0.566397
1400,0.400185,0.399614,0.381266,0.381430,0.372862,0.372472,0.427315,0.414805,0.590625,0.445876,0.399733,0.387328,0.377763,0.376873,0.456924,0.430244,0.554867,0.464932,0.420005,0.414599,0.395657,0.396394,0.522850,0.493805,0.475591,0.468237,0.466071,0.462288,0.430508,0.436108,0.570778,0.565330,0.467950,0.435948,0.479457,0.431796,0.419670,0.413853,0.628222,0.590250,0.463726,0.439634,0.465530,0.438708,0.444102,0.443934,0.632600,0.578982
1600,0.382257,0.381504,0.361531,0.361697,0.352058,0.351531,0.418844,0.400925,0.616176,0.442308,0.398187,0.371662,0.357804,0.356183,0.454407,0.417186,0.572786,0.460973,0.408706,0.399526,0.374094,0.374746,0.523896,0.487238,0.475671,0.465864,0.462275,0.458151,0.413842,0.420020,0.573724,0.564777,0.474380,0.437190,0.490149,0.433579,0.414956,0.400876,0.640685,0.596183,0.461008,0.429239,0.463559,0.426301,0.434755,0.433505,0.657734,0.592615
1800,0.365965,0.365003,0.343002,0.343174,0.332965,0.332171,0.412966,0.388492,0.643003,0.439076,0.407027,0.359492,0.340655,0.337479,0.455105,0.406082,0.592380,0.457901,0.401142,0.386672,0.354487,0.354737,0.525427,0.480937,0.475757,0.463018,0.458971,0.454558,0.400062,0.404743,0.575515,0.562834,0.480067,0.439228,0.500709,0.439025,0.413437,0.390566,0.648813,0.600182,0.462002,0.422222,0.463342,0.417633,0.427733,0.423836,0.673147,0.598384
2000,0.350318,0.349184,0.326050,0.326221,0.315685,0.314351,0.408881,0.377224,0.670975,0.437245,0.422236,0.351562,0.326097,0.320202,0.457584,0.395805,0.610790,0.454630,0.397038,0.375682,0.336658,0.336270,0.526140,0.473747,0.476311,0.461171,0.455559,0.450938,0.387736,0.389090,0.577200,0.561416,0.485940,0.442732,0.509031,0.442402,0.411677,0.379629,0.656113,0.604066,0.460997,0.414305,0.464393,0.409379,0.423294,0.415413,0.684905,0.602536
2200,0.336883,0.335545,0.310278,0.310439,0.300377,0.298018,0.407048,0.366057,0.697687,0.435287,0.439823,0.348587,0.317224,0.305162,0.463975,0.386750,0.628606,0.451837,0.397172,0.367035,0.321665,0.319713,0.527502,0.466239,0.477446,0.458914,0.452042,0.447093,0.376151,0.372667,0.577947,0.558807,0.491007,0.445409,0.516633,0.446792,0.412222,0.372889,0.662291,0.607440,0.463791,0.408802,0.467639,0.402976,0.421206,0.409881,0.695295,0.606326
2400,0.323467,0.321954,0.295308,0.295465,0.289332,0.283375,0.407671,0.355962,0.722952,0.432928,0.459143,0.349488,0.315642,0.292009,0.473387,0.378086,0.646875,0.449389,0.400694,0.360853,0.308544,0.304520,0.529514,0.459216,0.479270,0.457553,0.448905,0.443530,0.366176,0.357872,0.578099,0.554449,0.494655,0.447472,0.521337,0.449193,0.412581,0.367420,0.666778,0.609897,0.466322,0.403264,0.471325,0.396422,0.418985,0.403145,0.704632,0.609517
2600,0.311968,0.310226,0.281932,0.282077,0.286088,0.270494,0.409991,0.347928,0.746487,0.429809,0.478568,0.350714,0.319094,0.281392,0.482339,0.371644,0.664929,0.446922,0.406543,0.355666,0.299089,0.291263,0.531192,0.452206,0.481407,0.456523,0.446277,0.440575,0.358529,0.345118,0.578980,0.551034,0.499860,0.450874,0.526414,0.451965,0.413298,0.362844,0.670786,0.612189,0.466876,0.398186,0.472852,0.390922,0.417101,0.397196,0.710298,0.611684
2800,0.301624,0.299656,0.269489,0.269632,0.290592,0.259677,0.414474,0.339436,0.767816,0.426596,0.497658,0.351910,0.326869,0.272305,0.494479,0.365741,0.683926,0.444248,0.415507,0.352238,0.293077,0.279519,0.533492,0.445434,0.483415,0.454612,0.443378,0.437293,0.354034,0.335719,0.579372,0.547011,0.504282,0.453880,0.532044,0.455899,0.415920,0.358977,0.674873,0.614437,0.467657,0.392941,0.474489,0.385857,0.414298,0.390426,0.714816,0.613312
3000,0.292347,0.290150,0.258239,0.258376,0.298152,0.250906,0.419375,0.331981,0.790272,0.423180,0.515755,0.352464,0.334795,0.264497,0.507915,0.360748,0.703147,0.441686,0.425458,0.350378,0.290914,0.269771,0.536458,0.439395,0.485962,0.453232,0.440914,0.434454,0.349554,0.326168,0.579140,0.542863,0.508187,0.456197,0.537409,0.459609,0.417647,0.355767,0.678176,0.616355,0.468229,0.389143,0.475810,0.381728,0.412881,0.384402,0.718583,0.614705
3200,0.283439,0.281103,0.247847,0.247980,0.307845,0.243385,0.425753,0.325732,0.809900,0.418620,0.532983,0.352910,0.343826,0.258457,0.521415,0.355932,0.720125,0.439018,0.435851,0.349211,0.292360,0.261240,0.538750,0.432935,0.488661,0.451986,0.438672,0.431787,0.347077,0.318361,0.578734,0.538669,0.510303,0.457296,0.541868,0.462650,0.419544,0.353081,0.681098,0.618125,0.468846,0.386218,0.476171,0.378504,0.412487,0.381306,0.721960,0.615923
3400,0.275196,0.272699,0.238119,0.238222,0.317811,0.237530,0.432130,0.320088,0.828614,0.413743,0.548705,0.352327,0.352941,0.253422,0.534355,0.352460,0.737610,0.436549,0.447481,0.348579,0.294950,0.254226,0.540893,0.427063,0.491172,0.450771,0.436262,0.428818,0.345213,0.311404,0.578164,0.534489,0.511890,0.458225,0.545283,0.465522,0.420663,0.351010,0.683306,0.619440,0.469974,0.382616,0.478824,0.375266,0.412769,0.378495,0.725068,0.617081
3600,0.267506,0.264804,0.229120,0.229192,0.328026,0.232642,0.440182,0.314930,0.844526,0.408673,0.564730,0.351809,0.363062,0.248663,0.549143,0.349548,0.752676,0.433995,0.458798,0.348622,0.299444,0.248558,0.543727,0.421059,0.494221,0.449754,0.434669,0.426649,0.344451,0.304763,0.577027,0.529452,0.511906,0.457628,0.546412,0.465589,0.421492,0.348339,0.685359,0.620659,0.469985,0.379795,0.480765,0.372212,0.412281,0.374219,0.728204,0.618308
3800,0.260148,0.257328,0.220945,0.220986,0.337499,0.228013,0.448383,0.309586,0.858333,0.404452,0.578344,0.350448,0.372333,0.244540,0.563239,0.346932,0.765963,0.431471,0.468411,0.348356,0.304477,0.242970,0.547046,0.415380,0.497126,0.448619,0.433088,0.424682,0.345467,0.300225,0.575988,0.524858,0.511437,0.456438,0.547022,0.465485,0.422173,0.345919,0.687173,0.621770,0.469917,0.376461,0.482196,0.369454,0.411303,0.370370,0.731001,0.619473
4000,0.253832,0.250851,0.213325,0.213349,0.347017,0.224483,0.456443,0.305559,0.871037,0.399505,0.592154,0.349177,0.382054,0.240666,0.577201,0.344597,0.777987,0.428307,0.479041,0.348617,0.309991,0.238701,0.550266,0.410477,0.500226,0.447699,0.431498,0.422673,0.345919,0.295298,0.575226,0.520843,0.512453,0.456803,0.547804,0.466155,0.422892,0.344149,0.688696,0.622696,0.471453,0.374487,0.484013,0.367061,0.411037,0.367336,0.733138,0.620356
4200,0.247415,0.244323,0.206448,0.206453,0.356473,0.220554,0.465178,0.302036,0.881640,0.394660,0.605308,0.347054,0.390901,0.237160,0.590573,0.342817,0.790365,0.425273,0.488461,0.348418,0.314994,0.234388,0.552652,0.405316,0.502854,0.446356,0.430249,0.420864,0.346736,0.291477,0.574124,0.516553,0.512332,0.455809,0.548063,0.466033,0.423075,0.342594,0.690115,0.623581,0.470533,0.372567,0.484827,0.365941,0.411042,0.365488,0.734941,0.621110
4400,0.241477,0.238321,0.200276,0.200257,0.365426,0.216792,0.474368,0.298805,0.892451,0.390241,0.616490,0.345006,0.399986,0.233752,0.604467,0.341464,0.801590,0.422364,0.498400,0.348426,0.320617,0.231397,0.555648,0.399986,0.505222,0.444634,0.428419,0.418559,0.347667,0.287831,0.572832,0.511943,0.511177,0.453790,0.547721,0.464954,0.423194,0.341233,0.691440,0.624426,0.471628,0.370638,0.485935,0.363788,0.410595,0.363476,0.736626,0.621872
4600,0.236541,0.233300,0.194706,0.194666,0.373959,0.213371,0.483339,0.295311,0.903972,0.386475,0.627364,0.342659,0.407997,0.230921,0.618455,0.340120,0.813103,0.419954,0.507731,0.348428,0.325793,0.228252,0.558930,0.395279,0.508099,0.443444,0.427384,0.416912,0.348849,0.284560,0.571458,0.507273,0.510775,0.452700,0.546658,0.463638,0.423067,0.339946,0.692471,0.625042,0.473044,0.369946,0.487322,0.362436,0.410924,0.362561,0.738091,0.622456
4800,0.232192,0.228864,0.189655,0.189594,0.381803,0.210447,0.492064,0.292920,0.910370,0.381977,0.638327,0.341304,0.415510,0.228391,0.630086,0.338535,0.823122,0.417245,0.516559,0.348481,0.330510,0.225747,0.561703,0.390964,0.510821,0.442557,0.425970,0.414948,0.350357,0.281453,0.569931,0.503066,0.509830,0.451351,0.545571,0.462455,0.422581,0.338527,0.693322,0.625592,0.472654,0.368537,0.487558,0.361096,0.410400,0.360653,0.739210,0.622946
5000,0.227957,0.224530,0.185119,0.185034,0.388761,0.207384,0.500306,0.290363,0.917905,0.378175,0.646344,0.338930,0.422115,0.225657,0.641563,0.337185,0.831711,0.414044,0.524549,0.347795,0.334738,0.222770,0.564416,0.386944,0.512379,0.440690,0.424034,0.412448,0.351170,0.278443,0.568738,0.499173,0.510162,0.450885,0.544322,0.460954,0.421834,0.337039,0.694215,0.626187,0.472833,0.367404,0.488545,0.359822,0.410379,0.359375,0.740301,0.623462
5200,0.224388,0.220902,0.181083,0.180978,0.395041,0.204947,0.507822,0.288059,0.923539,0.374092,0.654374,0.337129,0.428448,0.223614,0.653116,0.335877,0.839821,0.411619,0.531981,0.347534,0.339164,0.220545,0.568543,0.383759,0.514809,0.439719,0.423333,0.411172,0.352401,0.275963,0.567574,0.495658,0.508535,0.448772,0.542883,0.459330,0.420937,0.335565,0.694821,0.626576,0.473979,0.367401,0.489197,0.359579,0.410437,0.358027,0.741042,0.623772
5400,0.220966,0.217434,0.177440,0.177318,0.400258,0.202380,0.515498,0.286001,0.929482,0.370790,0.661824,0.335210,0.434442,0.221261,0.663613,0.335311,0.847539,0.409615,0.539039,0.347514,0.343290,0.218491,0.570617,0.380006,0.517469,0.439045,0.422665,0.409812,0.353769,0.273835,0.566088,0.491962,0.507709,0.447758,0.541270,0.457881,0.420213,0.334439,0.695330,0.626936,0.473957,0.366729,0.489522,0.359007,0.410297,0.356961,0.741688,0.624066
5600,0.217934,0.214371,0.174205,0.174067,0.405571,0.200296,0.522457,0.284409,0.933410,0.367940,0.668241,0.333364,0.440326,0.219029,0.673561,0.334580,0.853590,0.407149,0.545535,0.347489,0.346978,0.216661,0.572498,0.376398,0.519294,0.437863,0.422321,0.408937,0.354886,0.271732,0.564558,0.488595,0.506808,0.446233,0.539489,0.456155,0.419111,0.333047,0.695687,0.627216,0.474365,0.365975,0.490273,0.358328,0.409845,0.355729,0.742261,0.624333
5800,0.215147,0.211562,0.171282,0.171134,0.410066,0.198106,0.528897,0.282899,0.936546,0.365053,0.674803,0.331627,0.445609,0.217120,0.682675,0.333898,0.859931,0.405298,0.551208,0.347135,0.350431,0.214899,0.574567,0.373373,0.521072,0.437011,0.421649,0.407755,0.356006,0.269628,0.563208,0.485367,0.505752,0.444785,0.537304,0.454093,0.417550,0.331443,0.695886,0.627398,0.474130,0.365806,0.489856,0.358104,0.409703,0.354975,0.742687,0.624531
6000,0.212717,0.209118,0.168746,0.168586,0.414162,0.196359,0.534769,0.281475,0.938626,0.362186,0.679719,0.330117,0.450242,0.215332,0.691152,0.333318,0.864814,0.403505,0.556397,0.346917,0.353250,0.213105,0.576639,0.370718,0.522146,0.435933,0.421130,0.406859,0.357367,0.268237,0.562015,0.482548,0.505197,0.443981,0.535942,0.453022,0.416152,0.330091,0.696043,0.627558,0.474008,0.365590,0.489695,0.357870,0.409639,0.354266,0.743043,0.624699
6200,0.210500,0.206896,0.166477,0.166307,0.418055,0.194646,0.539884,0.280152,0.941528,0.359828,0.684167,0.328756,0.454325,0.213929,0.698801,0.332842,0.869811,0.402051,0.561090,0.346660,0.355762,0.211737,0.578468,0.368478,0.523085,0.434774,0.420817,0.406159,0.358131,0.266496,0.560754,0.479854,0.504553,0.442889,0.534047,0.451367,0.414510,0.328469,0.695992,0.627583,0.473454,0.365081,0.489527,0.357413,0.409378,0.353743,0.743242,0.624773
6400,0.208562,0.204949,0.164541,0.164362,0.421327,0.193197,0.544506,0.279108,0.943387,0.357684,0.688447,0.327484,0.457746,0.212588,0.705606,0.332532,0.873200,0.400407,0.564939,0.346412,0.357786,0.210436,0.580317,0.366487,0.524697,0.434177,0.420579,0.405467,0.359028,0.265254,0.559658,0.477591,0.504050,0.441885,0.532489,0.449969,0.413316,0.327338,0.695888,0.627553,0.472959,0.364751,0.489593,0.357329,0.409216,0.353322,0.743364,0.624812
6600,0.206956,0.203324,0.162829,0.162643,0.423588,0.191790,0.548832,0.278291,0.945008,0.355812,0.691898,0.326314,0.460938,0.211363,0.711637,0.332166,0.876560,0.399171,0.568986,0.346485,0.359588,0.209313,0.581892,0.364673,0.525728,0.433617,0.420171,0.404689,0.359666,0.264138,0.558536,0.475395,0.503321,0.440948,0.530901,0.448687,0.411714,0.325935,0.695584,0.627464,0.472373,0.364247,0.489625,0.356996,0.408979,0.352864,0.743513,0.624885
6800,0.205461,0.201825,0.161321,0.161130,0.426045,0.190608,0.552871,0.277594,0.945742,0.354081,0.695247,0.325459,0.463990,0.210318,0.716969,0.331868,0.879602,0.398069,0.572392,0.346355,0.361185,0.208233,0.583182,0.362925,0.526756,0.432942,0.419709,0.403973,0.359932,0.263008,0.557597,0.473457,0.502957,0.440284,0.529814,0.447782,0.410613,0.324890,0.695329,0.627355,0.472228,0.364021,0.489675,0.356798,0.408870,0.352436,0.743572,0.624893
7000,0.204170,0.200534,0.159997,0.159801,0.428060,0.189481,0.556591,0.276817,0.946435,0.352578,0.697698,0.324438,0.466363,0.209283,0.722020,0.331596,0.882273,0.396905,0.575505,0.346285,0.362734,0.207468,0.584667,0.361451,0.527685,0.432445,0.419448,0.403409,0.360542,0.262066,0.556625,0.471566,0.502314,0.439489,0.528848,0.447033,0.409719,0.324109,0.694850,0.627135,0.472238,0.364094,0.489448,0.356752,0.408604,0.352082,0.743624,0.624907
7200,0.202999,0.199365,0.158830,0.158630,0.429666,0.188489,0.559663,0.276149,0.947604,0.351263,0.700165,0.323490,0.468669,0.208387,0.726588,0.331452,0.884593,0.396039,0.578113,0.346125,0.364171,0.206631,0.585848,0.360080,0.528394,0.431820,0.419285,0.402951,0.361036,0.261137,0.555884,0.470042,0.501922,0.439017,0.528015,0.446413,0.408936,0.323426,0.694492,0.626954,0.471964,0.363773,0.489121,0.356311,0.408520,0.351883,0.743639,0.624896
7400,0.201904,0.198273,0.157783,0.157580,0.431239,0.187604,0.562681,0.275714,0.947729,0.349917,0.702537,0.322655,0.470602,0.207687,0.730569,0.331204,0.886805,0.395258,0.580544,0.346100,0.365462,0.205968,0.586667,0.358907,0.529099,0.431391,0.419150,0.402589,0.361513,0.260463,0.555251,0.468782,0.501594,0.438497,0.527191,0.445772,0.408152,0.322793,0.694065,0.626771,0.471600,0.363780,0.488663,0.356039,0.408126,0.351458,0.743678,0.624922
7600,0.200964,0.197331,0.156835,0.156629,0.432763,0.186781,0.565454,0.275282,0.948410,0.348790,0.704531,0.321956,0.472504,0.207051,0.734410,0.331092,0.888575,0.394345,0.582811,0.346048,0.366653,0.205296,0.587525,0.357748,0.529902,0.431090,0.419155,0.402343,0.361939,0.259882,0.554430,0.467379,0.501315,0.438145,0.526703,0.445421,0.407702,0.322411,0.693731,0.626617,0.471327,0.363539,0.488517,0.355705,0.407981,0.351250,0.743693,0.624920
7800,0.200019,0.196389,0.155966,0.155756,0.434094,0.186021,0.567968,0.274855,0.949315,0.347867,0.706331,0.321367,0.474117,0.206382,0.738003,0.331105,0.890412,0.393674,0.584918,0.345965,0.367791,0.204647,0.588257,0.356619,0.530444,0.430649,0.418970,0.401965,0.362123,0.259219,0.553638,0.466034,0.500916,0.437716,0.525790,0.444713,0.406920,0.321740,0.693271,0.626395,0.470874,0.363420,0.488096,0.355510,0.407701,0.350907,0.743677,0.624907
8000,0.199136,0.195507,0.155101,0.154890,0.435518,0.185295,0.570379,0.274377,0.950314,0.346981,0.708090,0.320755,0.475802,0.205750,0.741546,0.330997,0.892355,0.393084,0.587021,0.345907,0.368767,0.204043,0.589294,0.355676,0.530857,0.430136,0.418672,0.401490,0.362353,0.258520,0.552998,0.464821,0.500736,0.437393,0.525238,0.444290,0.406461,0.321375,0.692752,0.626131,0.470814,0.363117,0.488084,0.355247,0.407586,0.350707,0.743658,0.624876
