step,param_name,weight_norm,delta_norm,rel_delta
200,tok_emb_E.weight,1.254864e+02,1.186391e+00,9.454336e-03
200,unembedder.weight,1.053738e+02,1.547499e+01,1.468580e-01
200,layers.0.qk_lut.weights,5.241651e+01,4.060562e+00,7.746724e-02
200,layers.0.qk_lut.log_soft_score_temp,6.997626e-01,6.615400e-03,9.453778e-03
200,layers.0.qk_lut.log_select_temp,6.997198e-01,6.572604e-03,9.393195e-03
200,layers.0.v_lut.weights,1.607610e+00,1.344072e+00,8.360689e-01
200,layers.0.v_lut.log_soft_score_temp,6.965528e-01,3.405571e-03,4.889179e-03
200,layers.0.v_lut.log_select_temp,6.964360e-01,3.288865e-03,4.722422e-03
200,layers.0.out_proj.weights,7.393792e+00,7.299805e+00,9.872884e-01
200,layers.0.out_proj.log_soft_score_temp,6.906269e-01,2.520263e-03,3.649240e-03
200,layers.0.out_proj.log_select_temp,6.906456e-01,2.501547e-03,3.622042e-03
200,layers.0.residual_lut.weights,4.603201e+00,4.504915e+00,9.786483e-01
200,layers.0.residual_lut.log_soft_score_temp,7.003264e-01,7.179260e-03,1.025131e-02
200,layers.0.residual_lut.log_select_temp,7.004325e-01,7.285297e-03,1.040114e-02
200,layers.1.qk_lut.weights,5.232645e+01,3.408556e+00,6.514021e-02
200,layers.1.qk_lut.log_soft_score_temp,6.973708e-01,4.223645e-03,6.056526e-03
200,layers.1.qk_lut.log_select_temp,6.975332e-01,4.386008e-03,6.287884e-03
200,layers.1.v_lut.weights,2.075190e+00,1.876640e+00,9.043222e-01
200,layers.1.v_lut.log_soft_score_temp,6.942727e-01,1.125515e-03,1.621142e-03
200,layers.1.v_lut.log_select_temp,6.941588e-01,1.011610e-03,1.457318e-03
200,layers.1.out_proj.weights,7.547124e+00,7.448255e+00,9.868998e-01
200,layers.1.out_proj.log_soft_score_temp,6.906363e-01,2.510905e-03,3.635641e-03
200,layers.1.out_proj.log_select_temp,6.906599e-01,2.487302e-03,3.601341e-03
200,layers.1.residual_lut.weights,4.130022e+00,4.021698e+00,9.737716e-01
200,layers.1.residual_lut.log_soft_score_temp,6.977609e-01,4.613757e-03,6.612232e-03
200,layers.1.residual_lut.log_select_temp,6.983557e-01,5.208552e-03,7.458308e-03
200,layers.2.qk_lut.weights,5.235001e+01,3.323917e+00,6.349411e-02
200,layers.2.qk_lut.log_soft_score_temp,6.961247e-01,2.977490e-03,4.277237e-03
200,layers.2.qk_lut.log_select_temp,6.965792e-01,3.431976e-03,4.926900e-03
200,layers.2.v_lut.weights,2.599062e+00,2.444519e+00,9.405389e-01
200,layers.2.v_lut.log_soft_score_temp,6.933627e-01,2.155304e-04,3.108480e-04
200,layers.2.v_lut.log_select_temp,6.932202e-01,7.301569e-05,1.053283e-04
200,layers.2.out_proj.weights,7.778752e+00,7.681773e+00,9.875328e-01
200,layers.2.out_proj.log_soft_score_temp,6.910828e-01,2.064407e-03,2.987206e-03
200,layers.2.out_proj.log_select_temp,6.911673e-01,1.979887e-03,2.864556e-03
200,layers.2.residual_lut.weights,4.075470e+00,3.965681e+00,9.730611e-01
200,layers.2.residual_lut.log_soft_score_temp,6.927711e-01,3.760457e-04,5.428138e-04
200,layers.2.residual_lut.log_select_temp,6.936070e-01,4.598498e-04,6.629832e-04
200,layers.3.qk_lut.weights,5.238597e+01,3.829600e+00,7.310355e-02
200,layers.3.qk_lut.log_soft_score_temp,6.958675e-01,2.720296e-03,3.909216e-03
200,layers.3.qk_lut.log_select_temp,6.960210e-01,2.873838e-03,4.128953e-03
200,layers.3.v_lut.weights,3.374260e+00,3.258023e+00,9.655518e-01
200,layers.3.v_lut.log_soft_score_temp,6.942812e-01,1.134038e-03,1.633399e-03
200,layers.3.v_lut.log_select_temp,6.942356e-01,1.088440e-03,1.567826e-03
200,layers.3.out_proj.weights,9.188805e+00,9.107268e+00,9.911266e-01
200,layers.3.out_proj.log_soft_score_temp,6.930203e-01,1.268983e-04,1.831091e-04
200,layers.3.out_proj.log_select_temp,6.931092e-01,3.802776e-05,5.486548e-05
200,layers.3.residual_lut.weights,5.287730e+00,5.203494e+00,9.840695e-01
200,layers.3.residual_lut.log_soft_score_temp,6.911097e-01,2.037525e-03,2.948194e-03
200,layers.3.residual_lut.log_select_temp,6.915141e-01,1.633108e-03,2.361641e-03
200,layers.4.qk_lut.weights,5.247106e+01,5.069520e+00,9.661555e-02
200,layers.4.qk_lut.log_soft_score_temp,6.945176e-01,1.370430e-03,1.973211e-03
200,layers.4.qk_lut.log_select_temp,6.946917e-01,1.544535e-03,2.223339e-03
200,layers.4.v_lut.weights,4.638952e+00,4.552653e+00,9.813969e-01
200,layers.4.v_lut.log_soft_score_temp,6.940238e-01,8.766651e-04,1.263163e-03
200,layers.4.v_lut.log_select_temp,6.940951e-01,9.478927e-04,1.365652e-03
200,layers.4.out_proj.weights,8.958059e+00,8.872842e+00,9.904871e-01
200,layers.4.out_proj.log_soft_score_temp,6.932100e-01,6.282330e-05,9.062664e-05
200,layers.4.out_proj.log_select_temp,6.932822e-01,1.350045e-04,1.947324e-04
200,layers.4.residual_lut.weights,6.363325e+00,6.292099e+00,9.888069e-01
200,layers.4.residual_lut.log_soft_score_temp,6.909789e-01,2.168298e-03,3.138009e-03
200,layers.4.residual_lut.log_select_temp,6.914611e-01,1.686037e-03,2.438368e-03
200,layers.5.qk_lut.weights,5.252249e+01,5.707457e+00,1.086669e-01
200,layers.5.qk_lut.log_soft_score_temp,6.926222e-01,5.249977e-04,7.579857e-04
200,layers.5.qk_lut.log_select_temp,6.928457e-01,3.014803e-04,4.351334e-04
200,layers.5.v_lut.weights,5.406711e+00,5.332675e+00,9.863066e-01
200,layers.5.v_lut.log_soft_score_temp,6.926824e-01,4.647374e-04,6.709242e-04
200,layers.5.v_lut.log_select_temp,6.927181e-01,4.290938e-04,6.194350e-04
200,layers.5.out_proj.weights,9.907208e+00,9.828002e+00,9.920052e-01
200,layers.5.out_proj.log_soft_score_temp,6.927746e-01,3.725886e-04,5.378209e-04
200,layers.5.out_proj.log_select_temp,6.928189e-01,3.282428e-04,4.737786e-04
200,layers.5.residual_lut.weights,7.338364e+00,7.278646e+00,9.918623e-01
200,layers.5.residual_lut.log_soft_score_temp,6.920660e-01,1.081228e-03,1.562320e-03
200,layers.5.residual_lut.log_select_temp,6.924236e-01,7.236004e-04,1.045026e-03
200,ln_final.weight,1.974400e+01,1.481023e-01,7.501129e-03
200,ln_final.bias,1.439650e-01,1.439650e-01,1.000000e+00
400,tok_emb_E.weight,1.255627e+02,2.967795e+00,2.363595e-02
400,unembedder.weight,1.109817e+02,2.573391e+01,2.318752e-01
400,layers.0.qk_lut.weights,5.363625e+01,1.036562e+01,1.932576e-01
400,layers.0.qk_lut.log_soft_score_temp,7.092425e-01,9.479880e-03,1.336621e-02
400,layers.0.qk_lut.log_select_temp,7.058285e-01,6.108761e-03,8.654738e-03
400,layers.0.v_lut.weights,6.483131e+00,6.165909e+00,9.510695e-01
400,layers.0.v_lut.log_soft_score_temp,7.104851e-01,1.393235e-02,1.960963e-02
400,layers.0.v_lut.log_select_temp,7.096744e-01,1.323837e-02,1.865415e-02
400,layers.0.out_proj.weights,1.535286e+01,1.248344e+01,8.131019e-01
400,layers.0.out_proj.log_soft_score_temp,6.972364e-01,6.609499e-03,9.479567e-03
400,layers.0.out_proj.log_select_temp,6.978531e-01,7.207453e-03,1.032804e-02
400,layers.0.residual_lut.weights,1.253775e+01,1.044752e+01,8.332850e-01
400,layers.0.residual_lut.log_soft_score_temp,7.151109e-01,1.478446e-02,2.067435e-02
400,layers.0.residual_lut.log_select_temp,7.163554e-01,1.592290e-02,2.222766e-02
400,layers.1.qk_lut.weights,5.316863e+01,8.999494e+00,1.692632e-01
400,layers.1.qk_lut.log_soft_score_temp,6.979421e-01,5.712509e-04,8.184790e-04
400,layers.1.qk_lut.log_select_temp,6.997458e-01,2.212584e-03,3.161983e-03
400,layers.1.v_lut.weights,7.540752e+00,7.247794e+00,9.611500e-01
400,layers.1.v_lut.log_soft_score_temp,6.950590e-01,7.863045e-04,1.131277e-03
400,layers.1.v_lut.log_select_temp,6.948533e-01,6.945133e-04,9.995107e-04
400,layers.1.out_proj.weights,1.905077e+01,1.522190e+01,7.990175e-01
400,layers.1.out_proj.log_soft_score_temp,6.811976e-01,9.438694e-03,1.385603e-02
400,layers.1.out_proj.log_select_temp,6.820666e-01,8.593261e-03,1.259886e-02
400,layers.1.residual_lut.weights,1.095535e+01,9.644434e+00,8.803400e-01
400,layers.1.residual_lut.log_soft_score_temp,6.991253e-01,1.364350e-03,1.951510e-03
400,layers.1.residual_lut.log_select_temp,7.048036e-01,6.447852e-03,9.148438e-03
400,layers.2.qk_lut.weights,5.308729e+01,8.517402e+00,1.604414e-01
400,layers.2.qk_lut.log_soft_score_temp,6.973189e-01,1.194179e-03,1.712529e-03
400,layers.2.qk_lut.log_select_temp,6.981434e-01,1.564264e-03,2.240606e-03
400,layers.2.v_lut.weights,8.665088e+00,8.063280e+00,9.305480e-01
400,layers.2.v_lut.log_soft_score_temp,6.912874e-01,2.075315e-03,3.002101e-03
400,layers.2.v_lut.log_select_temp,6.911117e-01,2.108455e-03,3.050816e-03
400,layers.2.out_proj.weights,2.813181e+01,2.353226e+01,8.365000e-01
400,layers.2.out_proj.log_soft_score_temp,6.832589e-01,7.823884e-03,1.145083e-02
400,layers.2.out_proj.log_select_temp,6.834239e-01,7.743359e-03,1.133024e-02
400,layers.2.residual_lut.weights,1.531684e+01,1.377698e+01,8.994665e-01
400,layers.2.residual_lut.log_soft_score_temp,6.795167e-01,1.325440e-02,1.950563e-02
400,layers.2.residual_lut.log_select_temp,6.819445e-01,1.166254e-02,1.710189e-02
400,layers.3.qk_lut.weights,5.410424e+01,1.223695e+01,2.261735e-01
400,layers.3.qk_lut.log_soft_score_temp,6.973327e-01,1.465261e-03,2.101236e-03
400,layers.3.qk_lut.log_select_temp,6.976876e-01,1.666546e-03,2.388671e-03
400,layers.3.v_lut.weights,1.560610e+01,1.388901e+01,8.899735e-01
400,layers.3.v_lut.log_soft_score_temp,6.932728e-01,1.008451e-03,1.454624e-03
400,layers.3.v_lut.log_select_temp,6.931792e-01,1.056433e-03,1.524040e-03
400,layers.3.out_proj.weights,3.736439e+01,2.899818e+01,7.760915e-01
400,layers.3.out_proj.log_soft_score_temp,6.914192e-01,1.601040e-03,2.315585e-03
400,layers.3.out_proj.log_select_temp,6.916931e-01,1.416087e-03,2.047277e-03
400,layers.3.residual_lut.weights,2.585910e+01,2.193773e+01,8.483561e-01
400,layers.3.residual_lut.log_soft_score_temp,6.750175e-01,1.609218e-02,2.383965e-02
400,layers.3.residual_lut.log_select_temp,6.749210e-01,1.659304e-02,2.458516e-02
400,layers.4.qk_lut.weights,5.745983e+01,2.002425e+01,3.484913e-01
400,layers.4.qk_lut.log_soft_score_temp,6.959443e-01,1.426697e-03,2.050016e-03
400,layers.4.qk_lut.log_select_temp,6.957422e-01,1.050532e-03,1.509944e-03
400,layers.4.v_lut.weights,2.436464e+01,2.043363e+01,8.386593e-01
400,layers.4.v_lut.log_soft_score_temp,6.910273e-01,2.996564e-03,4.336390e-03
400,layers.4.v_lut.log_select_temp,6.913546e-01,2.740443e-03,3.963874e-03
400,layers.4.out_proj.weights,3.936351e+01,3.128482e+01,7.947672e-01
400,layers.4.out_proj.log_soft_score_temp,6.914570e-01,1.753032e-03,2.535273e-03
400,layers.4.out_proj.log_select_temp,6.919405e-01,1.341701e-03,1.939040e-03
400,layers.4.residual_lut.weights,2.937745e+01,2.389812e+01,8.134852e-01
400,layers.4.residual_lut.log_soft_score_temp,6.747698e-01,1.620913e-02,2.402171e-02
400,layers.4.residual_lut.log_select_temp,6.764817e-01,1.497948e-02,2.214322e-02
400,layers.5.qk_lut.weights,5.902393e+01,2.263881e+01,3.835532e-01
400,layers.5.qk_lut.log_soft_score_temp,6.988425e-01,6.220341e-03,8.900919e-03
400,layers.5.qk_lut.log_select_temp,6.992647e-01,6.419003e-03,9.179647e-03
400,layers.5.v_lut.weights,2.671059e+01,2.173732e+01,8.138089e-01
400,layers.5.v_lut.log_soft_score_temp,6.925596e-01,1.228452e-04,1.773785e-04
400,layers.5.v_lut.log_select_temp,6.926639e-01,5.418062e-05,7.822065e-05
400,layers.5.out_proj.weights,4.053222e+01,3.127988e+01,7.717288e-01
400,layers.5.out_proj.log_soft_score_temp,6.889464e-01,3.828168e-03,5.556554e-03
400,layers.5.out_proj.log_select_temp,6.897748e-01,3.044128e-03,4.413221e-03
400,layers.5.residual_lut.weights,3.145011e+01,2.463914e+01,7.834357e-01
400,layers.5.residual_lut.log_soft_score_temp,6.829202e-01,9.145737e-03,1.339210e-02
400,layers.5.residual_lut.log_select_temp,6.840031e-01,8.420527e-03,1.231066e-02
400,ln_final.weight,2.010081e+01,3.577769e-01,1.779912e-02
400,ln_final.bias,4.359410e-01,2.925269e-01,6.710242e-01
600,tok_emb_E.weight,1.256522e+02,4.710369e+00,3.748736e-02
600,unembedder.weight,1.218109e+02,3.079248e+01,2.527891e-01
600,layers.0.qk_lut.weights,5.510199e+01,1.208540e+01,2.193279e-01
600,layers.0.qk_lut.log_soft_score_temp,7.006370e-01,8.605480e-03,1.228237e-02
600,layers.0.qk_lut.log_select_temp,6.903625e-01,1.546603e-02,2.240277e-02
600,layers.0.v_lut.weights,1.344703e+01,1.023653e+01,7.612482e-01
600,layers.0.v_lut.log_soft_score_temp,7.432994e-01,3.281426e-02,4.414677e-02
600,layers.0.v_lut.log_select_temp,7.405280e-01,3.085357e-02,4.166429e-02
600,layers.0.out_proj.weights,2.437002e+01,1.744423e+01,7.158071e-01
600,layers.0.out_proj.log_soft_score_temp,7.306801e-01,3.344369e-02,4.577063e-02
600,layers.0.out_proj.log_select_temp,7.320052e-01,3.415215e-02,4.665561e-02
600,layers.0.residual_lut.weights,2.140544e+01,1.472601e+01,6.879567e-01
600,layers.0.residual_lut.log_soft_score_temp,7.342889e-01,1.917797e-02,2.611775e-02
600,layers.0.residual_lut.log_select_temp,7.366177e-01,2.026236e-02,2.750729e-02
600,layers.1.qk_lut.weights,5.478435e+01,1.317970e+01,2.405742e-01
600,layers.1.qk_lut.log_soft_score_temp,6.735787e-01,2.436340e-02,3.617009e-02
600,layers.1.qk_lut.log_select_temp,6.822732e-01,1.747257e-02,2.560934e-02
600,layers.1.v_lut.weights,1.402559e+01,1.103941e+01,7.870902e-01
600,layers.1.v_lut.log_soft_score_temp,7.142252e-01,1.916623e-02,2.683500e-02
600,layers.1.v_lut.log_select_temp,7.151933e-01,2.033997e-02,2.843982e-02
600,layers.1.out_proj.weights,2.644017e+01,1.787222e+01,6.759495e-01
600,layers.1.out_proj.log_soft_score_temp,6.745848e-01,6.612778e-03,9.802737e-03
600,layers.1.out_proj.log_select_temp,6.814725e-01,5.940795e-04,8.717585e-04
600,layers.1.residual_lut.weights,1.940320e+01,1.428018e+01,7.359702e-01
600,layers.1.residual_lut.log_soft_score_temp,7.116017e-01,1.247644e-02,1.753290e-02
600,layers.1.residual_lut.log_select_temp,7.211924e-01,1.638883e-02,2.272463e-02
600,layers.2.qk_lut.weights,5.475978e+01,1.303573e+01,2.380529e-01
600,layers.2.qk_lut.log_soft_score_temp,6.963288e-01,9.900928e-04,1.421875e-03
600,layers.2.qk_lut.log_select_temp,6.987172e-01,5.738139e-04,8.212391e-04
600,layers.2.v_lut.weights,1.390463e+01,1.019874e+01,7.334779e-01
600,layers.2.v_lut.log_soft_score_temp,6.979349e-01,6.647527e-03,9.524566e-03
600,layers.2.v_lut.log_select_temp,6.974972e-01,6.385446e-03,9.154798e-03
600,layers.2.out_proj.weights,3.907436e+01,2.314010e+01,5.922068e-01
600,layers.2.out_proj.log_soft_score_temp,6.633082e-01,1.995069e-02,3.007755e-02
600,layers.2.out_proj.log_select_temp,6.651323e-01,1.829159e-02,2.750068e-02
600,layers.2.residual_lut.weights,2.387382e+01,1.601949e+01,6.710065e-01
600,layers.2.residual_lut.log_soft_score_temp,6.729673e-01,6.549478e-03,9.732238e-03
600,layers.2.residual_lut.log_select_temp,6.789895e-01,2.955019e-03,4.352084e-03
600,layers.3.qk_lut.weights,5.652872e+01,1.516261e+01,2.682285e-01
600,layers.3.qk_lut.log_soft_score_temp,6.897317e-01,7.601023e-03,1.102026e-02
600,layers.3.qk_lut.log_select_temp,6.932296e-01,4.457951e-03,6.430698e-03
600,layers.3.v_lut.weights,2.320100e+01,1.440660e+01,6.209471e-01
600,layers.3.v_lut.log_soft_score_temp,6.956720e-01,2.399266e-03,3.448846e-03
600,layers.3.v_lut.log_select_temp,6.956085e-01,2.429307e-03,3.492347e-03
600,layers.3.out_proj.weights,6.543452e+01,3.548584e+01,5.423107e-01
600,layers.3.out_proj.log_soft_score_temp,6.872244e-01,4.194796e-03,6.103968e-03
600,layers.3.out_proj.log_select_temp,6.881822e-01,3.510833e-03,5.101603e-03
600,layers.3.residual_lut.weights,4.521102e+01,2.466175e+01,5.454810e-01
600,layers.3.residual_lut.log_soft_score_temp,6.593846e-01,1.563287e-02,2.370827e-02
600,layers.3.residual_lut.log_select_temp,6.582919e-01,1.662910e-02,2.526098e-02
600,layers.4.qk_lut.weights,6.525446e+01,2.110690e+01,3.234553e-01
600,layers.4.qk_lut.log_soft_score_temp,6.943898e-01,1.554549e-03,2.238726e-03
600,layers.4.qk_lut.log_select_temp,6.937636e-01,1.978695e-03,2.852118e-03
600,layers.4.v_lut.weights,4.473912e+01,2.437682e+01,5.448658e-01
600,layers.4.v_lut.log_soft_score_temp,6.899598e-01,1.067519e-03,1.547219e-03
600,layers.4.v_lut.log_select_temp,6.901178e-01,1.236796e-03,1.792152e-03
600,layers.4.out_proj.weights,8.561022e+01,4.842859e+01,5.656870e-01
600,layers.4.out_proj.log_soft_score_temp,6.827049e-01,8.752048e-03,1.281966e-02
600,layers.4.out_proj.log_select_temp,6.843728e-01,7.567704e-03,1.105787e-02
600,layers.4.residual_lut.weights,6.236347e+01,3.516453e+01,5.638643e-01
600,layers.4.residual_lut.log_soft_score_temp,6.535364e-01,2.123332e-02,3.248988e-02
600,layers.4.residual_lut.log_select_temp,6.541883e-01,2.229339e-02,3.407794e-02
600,layers.5.qk_lut.weights,7.715737e+01,3.213148e+01,4.164408e-01
600,layers.5.qk_lut.log_soft_score_temp,7.041396e-01,5.297124e-03,7.522832e-03
600,layers.5.qk_lut.log_select_temp,7.061341e-01,6.869376e-03,9.728146e-03
600,layers.5.v_lut.weights,5.852645e+01,3.320164e+01,5.672929e-01
600,layers.5.v_lut.log_soft_score_temp,6.925963e-01,3.665686e-05,5.292673e-05
600,layers.5.v_lut.log_select_temp,6.925927e-01,7.116795e-05,1.027558e-04
600,layers.5.out_proj.weights,8.648295e+01,4.817321e+01,5.570255e-01
600,layers.5.out_proj.log_soft_score_temp,6.825004e-01,6.446004e-03,9.444689e-03
600,layers.5.out_proj.log_select_temp,6.838194e-01,5.955458e-03,8.709110e-03
600,layers.5.residual_lut.weights,6.922747e+01,3.894663e+01,5.625892e-01
600,layers.5.residual_lut.log_soft_score_temp,6.751245e-01,7.795691e-03,1.154704e-02
600,layers.5.residual_lut.log_select_temp,6.775110e-01,6.492019e-03,9.582159e-03
600,ln_final.weight,2.064480e+01,5.477189e-01,2.653060e-02
600,ln_final.bias,6.986412e-01,2.634068e-01,3.770273e-01
800,tok_emb_E.weight,1.258193e+02,5.773002e+00,4.588329e-02
800,unembedder.weight,1.351285e+02,3.183716e+01,2.356065e-01
800,layers.0.qk_lut.weights,5.753636e+01,1.551976e+01,2.697383e-01
800,layers.0.qk_lut.log_soft_score_temp,6.690981e-01,3.153884e-02,4.713635e-02
800,layers.0.qk_lut.log_select_temp,6.547527e-01,3.560984e-02,5.438671e-02
800,layers.0.v_lut.weights,2.148085e+01,1.373823e+01,6.395571e-01
800,layers.0.v_lut.log_soft_score_temp,7.886929e-01,4.539353e-02,5.755539e-02
800,layers.0.v_lut.log_select_temp,7.835006e-01,4.297262e-02,5.484696e-02
800,layers.0.out_proj.weights,3.576259e+01,2.313121e+01,6.467992e-01
800,layers.0.out_proj.log_soft_score_temp,7.730523e-01,4.237217e-02,5.481152e-02
800,layers.0.out_proj.log_select_temp,7.777086e-01,4.570341e-02,5.876675e-02
800,layers.0.residual_lut.weights,3.188094e+01,1.861053e+01,5.837508e-01
800,layers.0.residual_lut.log_soft_score_temp,7.544001e-01,2.011126e-02,2.665862e-02
800,layers.0.residual_lut.log_select_temp,7.590703e-01,2.245259e-02,2.957907e-02
800,layers.1.qk_lut.weights,5.745839e+01,1.713424e+01,2.982025e-01
800,layers.1.qk_lut.log_soft_score_temp,6.299487e-01,4.362994e-02,6.925952e-02
800,layers.1.qk_lut.log_select_temp,6.444022e-01,3.787100e-02,5.876920e-02
800,layers.1.v_lut.weights,2.227576e+01,1.529195e+01,6.864840e-01
800,layers.1.v_lut.log_soft_score_temp,7.421509e-01,2.792567e-02,3.762802e-02
800,layers.1.v_lut.log_select_temp,7.474008e-01,3.220755e-02,4.309274e-02
800,layers.1.out_proj.weights,3.678152e+01,2.397241e+01,6.517515e-01
800,layers.1.out_proj.log_soft_score_temp,6.707135e-01,3.871322e-03,5.771946e-03
800,layers.1.out_proj.log_select_temp,6.920937e-01,1.062119e-02,1.534646e-02
800,layers.1.residual_lut.weights,2.962057e+01,1.847601e+01,6.237562e-01
800,layers.1.residual_lut.log_soft_score_temp,7.271212e-01,1.551950e-02,2.134376e-02
800,layers.1.residual_lut.log_select_temp,7.422501e-01,2.105767e-02,2.837004e-02
800,layers.2.qk_lut.weights,5.769849e+01,1.773908e+01,3.074445e-01
800,layers.2.qk_lut.log_soft_score_temp,6.829693e-01,1.335949e-02,1.956089e-02
800,layers.2.qk_lut.log_select_temp,6.886783e-01,1.003897e-02,1.457716e-02
800,layers.2.v_lut.weights,2.111323e+01,1.430446e+01,6.775119e-01
800,layers.2.v_lut.log_soft_score_temp,7.100437e-01,1.210874e-02,1.705352e-02
800,layers.2.v_lut.log_select_temp,7.099623e-01,1.246512e-02,1.755744e-02
800,layers.2.out_proj.weights,4.895478e+01,2.784510e+01,5.687922e-01
800,layers.2.out_proj.log_soft_score_temp,6.336685e-01,2.963966e-02,4.677471e-02
800,layers.2.out_proj.log_select_temp,6.398048e-01,2.532756e-02,3.958639e-02
800,layers.2.residual_lut.weights,3.696887e+01,2.143029e+01,5.796847e-01
800,layers.2.residual_lut.log_soft_score_temp,6.719143e-01,1.052916e-03,1.567039e-03
800,layers.2.residual_lut.log_select_temp,6.819407e-01,2.951205e-03,4.327656e-03
800,layers.3.qk_lut.weights,6.191683e+01,2.098159e+01,3.388673e-01
800,layers.3.qk_lut.log_soft_score_temp,6.592557e-01,3.047603e-02,4.622794e-02
800,layers.3.qk_lut.log_select_temp,6.685976e-01,2.463204e-02,3.684135e-02
800,layers.3.v_lut.weights,3.459782e+01,1.962772e+01,5.673109e-01
800,layers.3.v_lut.log_soft_score_temp,7.001436e-01,4.471540e-03,6.386605e-03
800,layers.3.v_lut.log_select_temp,7.016296e-01,6.021142e-03,8.581653e-03
800,layers.3.out_proj.weights,9.027734e+01,4.155255e+01,4.602767e-01
800,layers.3.out_proj.log_soft_score_temp,6.792636e-01,7.960856e-03,1.171983e-02
800,layers.3.out_proj.log_select_temp,6.824973e-01,5.684912e-03,8.329574e-03
800,layers.3.residual_lut.weights,6.360713e+01,2.816658e+01,4.428211e-01
800,layers.3.residual_lut.log_soft_score_temp,6.496724e-01,9.712219e-03,1.494941e-02
800,layers.3.residual_lut.log_select_temp,6.491670e-01,9.124935e-03,1.405637e-02
800,layers.4.qk_lut.weights,7.537772e+01,2.542537e+01,3.373062e-01
800,layers.4.qk_lut.log_soft_score_temp,6.910797e-01,3.310025e-03,4.789642e-03
800,layers.4.qk_lut.log_select_temp,6.901726e-01,3.591001e-03,5.203048e-03
800,layers.4.v_lut.weights,6.348504e+01,2.747894e+01,4.328412e-01
800,layers.4.v_lut.log_soft_score_temp,6.904142e-01,4.544854e-04,6.582793e-04
800,layers.4.v_lut.log_select_temp,6.902525e-01,1.347065e-04,1.951554e-04
800,layers.4.out_proj.weights,1.387060e+02,6.194655e+01,4.466033e-01
800,layers.4.out_proj.log_soft_score_temp,6.715438e-01,1.116115e-02,1.662014e-02
800,layers.4.out_proj.log_select_temp,6.750600e-01,9.312809e-03,1.379553e-02
800,layers.4.residual_lut.weights,9.755162e+01,4.129053e+01,4.232685e-01
800,layers.4.residual_lut.log_soft_score_temp,6.402080e-01,1.332843e-02,2.081891e-02
800,layers.4.residual_lut.log_select_temp,6.406778e-01,1.351053e-02,2.108786e-02
800,layers.5.qk_lut.weights,1.012969e+02,3.723419e+01,3.675747e-01
800,layers.5.qk_lut.log_soft_score_temp,7.039537e-01,1.859069e-04,2.640896e-04
800,layers.5.qk_lut.log_select_temp,7.061279e-01,6.139278e-06,8.694286e-06
800,layers.5.v_lut.weights,9.497934e+01,4.076882e+01,4.292388e-01
800,layers.5.v_lut.log_soft_score_temp,6.929531e-01,3.567934e-04,5.148883e-04
800,layers.5.v_lut.log_select_temp,6.927840e-01,1.912117e-04,2.760048e-04
800,layers.5.out_proj.weights,1.343812e+02,5.675166e+01,4.223186e-01
800,layers.5.out_proj.log_soft_score_temp,6.790006e-01,3.499806e-03,5.154349e-03
800,layers.5.out_proj.log_select_temp,6.805068e-01,3.312588e-03,4.867825e-03
800,layers.5.residual_lut.weights,1.165805e+02,5.040897e+01,4.323963e-01
800,layers.5.residual_lut.log_soft_score_temp,6.700027e-01,5.121827e-03,7.644487e-03
800,layers.5.residual_lut.log_select_temp,6.735364e-01,3.974617e-03,5.901116e-03
800,ln_final.weight,2.124251e+01,6.101505e-01,2.872309e-02
800,ln_final.bias,8.159176e-01,1.196498e-01,1.466445e-01
1000,tok_emb_E.weight,1.260316e+02,6.265429e+00,4.971317e-02
1000,unembedder.weight,1.481742e+02,3.042652e+01,2.053429e-01
1000,layers.0.qk_lut.weights,6.034043e+01,1.776187e+01,2.943610e-01
1000,layers.0.qk_lut.log_soft_score_temp,6.209167e-01,4.818147e-02,7.759733e-02
1000,layers.0.qk_lut.log_select_temp,6.046367e-01,5.011594e-02,8.288604e-02
1000,layers.0.v_lut.weights,2.890533e+01,1.567029e+01,5.421243e-01
1000,layers.0.v_lut.log_soft_score_temp,8.361303e-01,4.743743e-02,5.673449e-02
1000,layers.0.v_lut.log_select_temp,8.281882e-01,4.468763e-02,5.395830e-02
1000,layers.0.out_proj.weights,4.655465e+01,2.577817e+01,5.537184e-01
1000,layers.0.out_proj.log_soft_score_temp,7.959116e-01,2.285928e-02,2.872087e-02
1000,layers.0.out_proj.log_select_temp,8.204442e-01,4.273558e-02,5.208834e-02
1000,layers.0.residual_lut.weights,4.139959e+01,1.998849e+01,4.828185e-01
1000,layers.0.residual_lut.log_soft_score_temp,7.717374e-01,1.733726e-02,2.246524e-02
1000,layers.0.residual_lut.log_select_temp,7.811912e-01,2.212089e-02,2.831687e-02
1000,layers.1.qk_lut.weights,6.053720e+01,1.910857e+01,3.156501e-01
1000,layers.1.qk_lut.log_soft_score_temp,5.761445e-01,5.380428e-02,9.338678e-02
1000,layers.1.qk_lut.log_select_temp,5.935708e-01,5.083144e-02,8.563669e-02
1000,layers.1.v_lut.weights,2.999083e+01,1.731596e+01,5.773750e-01
1000,layers.1.v_lut.log_soft_score_temp,7.569973e-01,1.484644e-02,1.961228e-02
1000,layers.1.v_lut.log_select_temp,7.768968e-01,2.949595e-02,3.796638e-02
1000,layers.1.out_proj.weights,4.697244e+01,2.659798e+01,5.662465e-01
1000,layers.1.out_proj.log_soft_score_temp,6.570634e-01,1.365012e-02,2.077443e-02
1000,layers.1.out_proj.log_select_temp,7.013277e-01,9.233952e-03,1.316639e-02
1000,layers.1.residual_lut.weights,3.901294e+01,1.992690e+01,5.107766e-01
1000,layers.1.residual_lut.log_soft_score_temp,7.383642e-01,1.124293e-02,1.522680e-02
1000,layers.1.residual_lut.log_select_temp,7.633010e-01,2.105093e-02,2.757881e-02
1000,layers.2.qk_lut.weights,6.126764e+01,2.005342e+01,3.273084e-01
1000,layers.2.qk_lut.log_soft_score_temp,6.554726e-01,2.749664e-02,4.194933e-02
1000,layers.2.qk_lut.log_select_temp,6.675602e-01,2.111804e-02,3.163467e-02
1000,layers.2.v_lut.weights,2.821282e+01,1.640732e+01,5.815554e-01
1000,layers.2.v_lut.log_soft_score_temp,7.256765e-01,1.563287e-02,2.154247e-02
1000,layers.2.v_lut.log_select_temp,7.267414e-01,1.677912e-02,2.308816e-02
1000,layers.2.out_proj.weights,5.809316e+01,2.919812e+01,5.026086e-01
1000,layers.2.out_proj.log_soft_score_temp,6.004708e-01,3.319770e-02,5.528612e-02
1000,layers.2.out_proj.log_select_temp,6.149444e-01,2.486038e-02,4.042704e-02
1000,layers.2.residual_lut.weights,5.156673e+01,2.365864e+01,4.587965e-01
1000,layers.2.residual_lut.log_soft_score_temp,6.725256e-01,6.113052e-04,9.089694e-04
1000,layers.2.residual_lut.log_select_temp,6.883920e-01,6.451309e-03,9.371563e-03
1000,layers.3.qk_lut.weights,6.944135e+01,2.357888e+01,3.395510e-01
1000,layers.3.qk_lut.log_soft_score_temp,6.212639e-01,3.799182e-02,6.115247e-02
1000,layers.3.qk_lut.log_select_temp,6.348234e-01,3.377414e-02,5.320241e-02
1000,layers.3.v_lut.weights,4.757590e+01,2.209036e+01,4.643183e-01
1000,layers.3.v_lut.log_soft_score_temp,7.015537e-01,1.410127e-03,2.010005e-03
1000,layers.3.v_lut.log_select_temp,7.087384e-01,7.108808e-03,1.003023e-02
1000,layers.3.out_proj.weights,1.097393e+02,4.072838e+01,3.711375e-01
1000,layers.3.out_proj.log_soft_score_temp,6.696937e-01,9.569883e-03,1.428994e-02
1000,layers.3.out_proj.log_select_temp,6.779020e-01,4.595339e-03,6.778767e-03
1000,layers.3.residual_lut.weights,8.442166e+01,3.051398e+01,3.614472e-01
1000,layers.3.residual_lut.log_soft_score_temp,6.428304e-01,6.841958e-03,1.064349e-02
1000,layers.3.residual_lut.log_select_temp,6.449490e-01,4.217982e-03,6.540024e-03
1000,layers.4.qk_lut.weights,8.903224e+01,2.837326e+01,3.186853e-01
1000,layers.4.qk_lut.log_soft_score_temp,6.811445e-01,9.935200e-03,1.458604e-02
1000,layers.4.qk_lut.log_select_temp,6.796538e-01,1.051879e-02,1.547669e-02
1000,layers.4.v_lut.weights,8.245490e+01,2.896558e+01,3.512900e-01
1000,layers.4.v_lut.log_soft_score_temp,6.906808e-01,2.665520e-04,3.859264e-04
1000,layers.4.v_lut.log_select_temp,6.898569e-01,3.956556e-04,5.735329e-04
1000,layers.4.out_proj.weights,1.922029e+02,6.783195e+01,3.529185e-01
1000,layers.4.out_proj.log_soft_score_temp,6.532469e-01,1.829690e-02,2.800916e-02
1000,layers.4.out_proj.log_select_temp,6.603987e-01,1.466125e-02,2.220061e-02
1000,layers.4.residual_lut.weights,1.277635e+02,4.070331e+01,3.185833e-01
1000,layers.4.residual_lut.log_soft_score_temp,6.312230e-01,8.984983e-03,1.423424e-02
1000,layers.4.residual_lut.log_select_temp,6.323161e-01,8.361697e-03,1.322392e-02
1000,layers.5.qk_lut.weights,1.241126e+02,3.747988e+01,3.019828e-01
1000,layers.5.qk_lut.log_soft_score_temp,7.009326e-01,3.021121e-03,4.310145e-03
1000,layers.5.qk_lut.log_select_temp,7.038289e-01,2.299011e-03,3.266434e-03
1000,layers.5.v_lut.weights,1.278193e+02,4.116953e+01,3.220917e-01
1000,layers.5.v_lut.log_soft_score_temp,6.933901e-01,4.370213e-04,6.302675e-04
1000,layers.5.v_lut.log_select_temp,6.930885e-01,3.045797e-04,4.394529e-04
1000,layers.5.out_proj.weights,1.730903e+02,5.529402e+01,3.194519e-01
1000,layers.5.out_proj.log_soft_score_temp,6.766195e-01,2.381146e-03,3.519180e-03
1000,layers.5.out_proj.log_select_temp,6.787293e-01,1.777470e-03,2.618820e-03
1000,layers.5.residual_lut.weights,1.626026e+02,5.238112e+01,3.221420e-01
1000,layers.5.residual_lut.log_soft_score_temp,6.663464e-01,3.656328e-03,5.487128e-03
1000,layers.5.residual_lut.log_select_temp,6.708051e-01,2.731323e-03,4.071709e-03
1000,ln_final.weight,2.189016e+01,6.616681e-01,3.022674e-02
1000,ln_final.bias,8.823138e-01,7.418058e-02,8.407506e-02
1200,tok_emb_E.weight,1.262366e+02,6.126518e+00,4.853202e-02
1200,unembedder.weight,1.591229e+02,2.735354e+01,1.719020e-01
1200,layers.0.qk_lut.weights,6.284818e+01,1.788169e+01,2.845219e-01
1200,layers.0.qk_lut.log_soft_score_temp,5.736666e-01,4.725003e-02,8.236497e-02
1200,layers.0.qk_lut.log_select_temp,5.555775e-01,4.905921e-02,8.830309e-02
1200,layers.0.v_lut.weights,3.479057e+01,1.592116e+01,4.576285e-01
1200,layers.0.v_lut.log_soft_score_temp,8.764069e-01,4.027659e-02,4.595649e-02
1200,layers.0.v_lut.log_select_temp,8.661929e-01,3.800464e-02,4.387549e-02
1200,layers.0.out_proj.weights,5.515303e+01,2.546590e+01,4.617316e-01
1200,layers.0.out_proj.log_soft_score_temp,7.749283e-01,2.098322e-02,2.707763e-02
1200,layers.0.out_proj.log_select_temp,8.473788e-01,2.693462e-02,3.178581e-02
1200,layers.0.residual_lut.weights,4.880761e+01,1.923405e+01,3.940789e-01
1200,layers.0.residual_lut.log_soft_score_temp,7.831757e-01,1.143831e-02,1.460504e-02
1200,layers.0.residual_lut.log_select_temp,8.013029e-01,2.011162e-02,2.509865e-02
1200,layers.1.qk_lut.weights,6.326966e+01,1.901564e+01,3.005491e-01
1200,layers.1.qk_lut.log_soft_score_temp,5.210016e-01,5.514282e-02,1.058400e-01
1200,layers.1.qk_lut.log_select_temp,5.406906e-01,5.288017e-02,9.780116e-02
1200,layers.1.v_lut.weights,3.608760e+01,1.728881e+01,4.790790e-01
1200,layers.1.v_lut.log_soft_score_temp,7.561518e-01,8.455515e-04,1.118230e-03
1200,layers.1.v_lut.log_select_temp,7.966870e-01,1.979023e-02,2.484066e-02
1200,layers.1.out_proj.weights,5.522370e+01,2.627004e+01,4.757022e-01
1200,layers.1.out_proj.log_soft_score_temp,6.315824e-01,2.548093e-02,4.034458e-02
1200,layers.1.out_proj.log_select_temp,7.055230e-01,4.195333e-03,5.946415e-03
1200,layers.1.residual_lut.weights,4.633990e+01,1.922463e+01,4.148613e-01
1200,layers.1.residual_lut.log_soft_score_temp,7.420881e-01,3.723919e-03,5.018164e-03
1200,layers.1.residual_lut.log_select_temp,7.813310e-01,1.802999e-02,2.307599e-02
1200,layers.2.qk_lut.weights,6.447996e+01,2.000506e+01,3.102523e-01
1200,layers.2.qk_lut.log_soft_score_temp,6.127014e-01,4.277122e-02,6.980761e-02
1200,layers.2.qk_lut.log_select_temp,6.312310e-01,3.632921e-02,5.755295e-02
1200,layers.2.v_lut.weights,3.404119e+01,1.654265e+01,4.859597e-01
1200,layers.2.v_lut.log_soft_score_temp,7.381682e-01,1.249164e-02,1.692249e-02
1200,layers.2.v_lut.log_select_temp,7.433244e-01,1.658297e-02,2.230919e-02
1200,layers.2.out_proj.weights,6.548066e+01,2.774801e+01,4.237588e-01
1200,layers.2.out_proj.log_soft_score_temp,5.704520e-01,3.001881e-02,5.262284e-02
1200,layers.2.out_proj.log_select_temp,5.964036e-01,1.854080e-02,3.108767e-02
1200,layers.2.residual_lut.weights,6.495895e+01,2.294035e+01,3.531514e-01
1200,layers.2.residual_lut.log_soft_score_temp,6.716002e-01,9.254813e-04,1.378024e-03
1200,layers.2.residual_lut.log_select_temp,6.955233e-01,7.131338e-03,1.025320e-02
1200,layers.3.qk_lut.weights,7.706307e+01,2.316829e+01,3.006406e-01
1200,layers.3.qk_lut.log_soft_score_temp,5.761343e-01,4.512960e-02,7.833174e-02
1200,layers.3.qk_lut.log_select_temp,5.925989e-01,4.222453e-02,7.125313e-02
1200,layers.3.v_lut.weights,5.973120e+01,2.171863e+01,3.636062e-01
1200,layers.3.v_lut.log_soft_score_temp,6.987973e-01,2.756417e-03,3.944516e-03
1200,layers.3.v_lut.log_select_temp,7.150421e-01,6.303608e-03,8.815717e-03
1200,layers.3.out_proj.weights,1.234809e+02,3.739561e+01,3.028454e-01
1200,layers.3.out_proj.log_soft_score_temp,6.581781e-01,1.151562e-02,1.749620e-02
1200,layers.3.out_proj.log_select_temp,6.740279e-01,3.874123e-03,5.747720e-03
1200,layers.3.residual_lut.weights,1.058425e+02,2.984498e+01,2.819755e-01
1200,layers.3.residual_lut.log_soft_score_temp,6.361352e-01,6.695211e-03,1.052482e-02
1200,layers.3.residual_lut.log_select_temp,6.430721e-01,1.876891e-03,2.918632e-03
1200,layers.4.qk_lut.weights,1.043866e+02,2.828578e+01,2.709714e-01
1200,layers.4.qk_lut.log_soft_score_temp,6.696538e-01,1.149070e-02,1.715917e-02
1200,layers.4.qk_lut.log_select_temp,6.685288e-01,1.112497e-02,1.664097e-02
1200,layers.4.v_lut.weights,1.016282e+02,2.829159e+01,2.783833e-01
1200,layers.4.v_lut.log_soft_score_temp,6.904469e-01,2.339482e-04,3.388360e-04
1200,layers.4.v_lut.log_select_temp,6.891834e-01,6.734729e-04,9.772041e-04
1200,layers.4.out_proj.weights,2.432919e+02,6.700787e+01,2.754217e-01
1200,layers.4.out_proj.log_soft_score_temp,6.347102e-01,1.853669e-02,2.920496e-02
1200,layers.4.out_proj.log_select_temp,6.466742e-01,1.372457e-02,2.122331e-02
1200,layers.4.residual_lut.weights,1.548943e+02,3.822017e+01,2.467500e-01
1200,layers.4.residual_lut.log_soft_score_temp,6.250243e-01,6.198704e-03,9.917541e-03
1200,layers.4.residual_lut.log_select_temp,6.270263e-01,5.289793e-03,8.436318e-03
1200,layers.5.qk_lut.weights,1.456977e+02,3.593752e+01,2.466581e-01
1200,layers.5.qk_lut.log_soft_score_temp,6.965731e-01,4.359543e-03,6.258558e-03
1200,layers.5.qk_lut.log_select_temp,6.998066e-01,4.022300e-03,5.747731e-03
1200,layers.5.v_lut.weights,1.571558e+02,3.926012e+01,2.498166e-01
1200,layers.5.v_lut.log_soft_score_temp,6.939955e-01,6.054044e-04,8.723463e-04
1200,layers.5.v_lut.log_select_temp,6.935123e-01,4.237294e-04,6.109905e-04
1200,layers.5.out_proj.weights,2.044362e+02,5.074061e+01,2.481978e-01
1200,layers.5.out_proj.log_soft_score_temp,6.736393e-01,2.980173e-03,4.423989e-03
1200,layers.5.out_proj.log_select_temp,6.765171e-01,2.212226e-03,3.270023e-03
1200,layers.5.residual_lut.weights,2.041225e+02,4.958028e+01,2.428948e-01
1200,layers.5.residual_lut.log_soft_score_temp,6.634831e-01,2.863288e-03,4.315540e-03
1200,layers.5.residual_lut.log_select_temp,6.687673e-01,2.037764e-03,3.047044e-03
1200,ln_final.weight,2.255872e+01,6.787353e-01,3.008749e-02
1200,ln_final.bias,9.285817e-01,6.285515e-02,6.768941e-02
1400,tok_emb_E.weight,1.264420e+02,6.040725e+00,4.777467e-02
1400,unembedder.weight,1.677786e+02,2.427874e+01,1.447070e-01
1400,layers.0.qk_lut.weights,6.525720e+01,1.828734e+01,2.802348e-01
1400,layers.0.qk_lut.log_soft_score_temp,5.243548e-01,4.931182e-02,9.404284e-02
1400,layers.0.qk_lut.log_select_temp,5.049755e-01,5.060202e-02,1.002069e-01
1400,layers.0.v_lut.weights,3.977692e+01,1.598706e+01,4.019179e-01
1400,layers.0.v_lut.log_soft_score_temp,9.073607e-01,3.095376e-02,3.411407e-02
1400,layers.0.v_lut.log_select_temp,8.976653e-01,3.147238e-02,3.506027e-02
1400,layers.0.out_proj.weights,6.241545e+01,2.515104e+01,4.029617e-01
1400,layers.0.out_proj.log_soft_score_temp,7.363559e-01,3.857243e-02,5.238286e-02
1400,layers.0.out_proj.log_select_temp,8.562346e-01,8.855760e-03,1.034268e-02
1400,layers.0.residual_lut.weights,5.506110e+01,1.877451e+01,3.409760e-01
1400,layers.0.residual_lut.log_soft_score_temp,7.908515e-01,7.675827e-03,9.705774e-03
1400,layers.0.residual_lut.log_select_temp,8.204992e-01,1.919633e-02,2.339592e-02
1400,layers.1.qk_lut.weights,6.574375e+01,1.881966e+01,2.862578e-01
1400,layers.1.qk_lut.log_soft_score_temp,4.661126e-01,5.488905e-02,1.177592e-01
1400,layers.1.qk_lut.log_select_temp,4.875358e-01,5.315480e-02,1.090275e-01
1400,layers.1.v_lut.weights,4.122990e+01,1.719968e+01,4.171651e-01
1400,layers.1.v_lut.log_soft_score_temp,7.362311e-01,1.992071e-02,2.705768e-02
1400,layers.1.v_lut.log_select_temp,8.069876e-01,1.030064e-02,1.276430e-02
1400,layers.1.out_proj.weights,6.234528e+01,2.591908e+01,4.157345e-01
1400,layers.1.out_proj.log_soft_score_temp,5.978644e-01,3.371805e-02,5.639749e-02
1400,layers.1.out_proj.log_select_temp,7.070821e-01,1.559079e-03,2.204947e-03
1400,layers.1.residual_lut.weights,5.249867e+01,1.882869e+01,3.586509e-01
1400,layers.1.residual_lut.log_soft_score_temp,7.398259e-01,2.262175e-03,3.057713e-03
1400,layers.1.residual_lut.log_select_temp,7.966997e-01,1.536870e-02,1.929046e-02
1400,layers.2.qk_lut.weights,6.732620e+01,1.980560e+01,2.941737e-01
1400,layers.2.qk_lut.log_soft_score_temp,5.663078e-01,4.639363e-02,8.192300e-02
1400,layers.2.qk_lut.log_select_temp,5.902044e-01,4.102665e-02,6.951262e-02
1400,layers.2.v_lut.weights,3.908293e+01,1.655384e+01,4.235569e-01
1400,layers.2.v_lut.log_soft_score_temp,7.464022e-01,8.234024e-03,1.103162e-02
1400,layers.2.v_lut.log_select_temp,7.580689e-01,1.474446e-02,1.945003e-02
1400,layers.2.out_proj.weights,7.199529e+01,2.712520e+01,3.767636e-01
1400,layers.2.out_proj.log_soft_score_temp,5.439695e-01,2.648258e-02,4.868395e-02
1400,layers.2.out_proj.log_select_temp,5.842367e-01,1.216692e-02,2.082532e-02
1400,layers.2.residual_lut.weights,7.652216e+01,2.219986e+01,2.901102e-01
1400,layers.2.residual_lut.log_soft_score_temp,6.683159e-01,3.284276e-03,4.914256e-03
1400,layers.2.residual_lut.log_select_temp,7.022501e-01,6.726742e-03,9.578841e-03
1400,layers.3.qk_lut.weights,8.376392e+01,2.251243e+01,2.687605e-01
1400,layers.3.qk_lut.log_soft_score_temp,5.306314e-01,4.550284e-02,8.575226e-02
1400,layers.3.qk_lut.log_select_temp,5.503239e-01,4.227501e-02,7.681842e-02
1400,layers.3.v_lut.weights,7.058379e+01,2.126943e+01,3.013359e-01
1400,layers.3.v_lut.log_soft_score_temp,6.877594e-01,1.103789e-02,1.604905e-02
1400,layers.3.v_lut.log_select_temp,7.171830e-01,2.140939e-03,2.985206e-03
1400,layers.3.out_proj.weights,1.346284e+02,3.495584e+01,2.596469e-01
1400,layers.3.out_proj.log_soft_score_temp,6.397898e-01,1.838833e-02,2.874121e-02
1400,layers.3.out_proj.log_select_temp,6.661944e-01,7.833421e-03,1.175846e-02
1400,layers.3.residual_lut.weights,1.276130e+02,2.944879e+01,2.307663e-01
1400,layers.3.residual_lut.log_soft_score_temp,6.302229e-01,5.912364e-03,9.381385e-03
1400,layers.3.residual_lut.log_select_temp,6.432410e-01,1.688600e-04,2.625143e-04
1400,layers.4.qk_lut.weights,1.205518e+02,2.802008e+01,2.324318e-01
1400,layers.4.qk_lut.log_soft_score_temp,6.454846e-01,2.416927e-02,3.744360e-02
1400,layers.4.qk_lut.log_select_temp,6.437579e-01,2.477086e-02,3.847852e-02
1400,layers.4.v_lut.weights,1.210918e+02,2.806833e+01,2.317937e-01
1400,layers.4.v_lut.log_soft_score_temp,6.892139e-01,1.232982e-03,1.788968e-03
1400,layers.4.v_lut.log_select_temp,6.885059e-01,6.775260e-04,9.840526e-04
1400,layers.4.out_proj.weights,2.920493e+02,6.529389e+01,2.235715e-01
1400,layers.4.out_proj.log_soft_score_temp,6.172203e-01,1.748985e-02,2.833648e-02
1400,layers.4.out_proj.log_select_temp,6.346334e-01,1.204073e-02,1.897274e-02
1400,layers.4.residual_lut.weights,1.802300e+02,3.611705e+01,2.003942e-01
1400,layers.4.residual_lut.log_soft_score_temp,6.188859e-01,6.138384e-03,9.918442e-03
1400,layers.4.residual_lut.log_select_temp,6.223947e-01,4.631579e-03,7.441546e-03
1400,layers.5.qk_lut.weights,1.667773e+02,3.445505e+01,2.065931e-01
1400,layers.5.qk_lut.log_soft_score_temp,6.915029e-01,5.070150e-03,7.332073e-03
1400,layers.5.qk_lut.log_select_temp,6.957366e-01,4.069984e-03,5.849892e-03
1400,layers.5.v_lut.weights,1.841501e+02,3.714834e+01,2.017286e-01
1400,layers.5.v_lut.log_soft_score_temp,6.945670e-01,5.715489e-04,8.228852e-04
1400,layers.5.v_lut.log_select_temp,6.939636e-01,4.513264e-04,6.503603e-04
1400,layers.5.out_proj.weights,2.304689e+02,4.858266e+01,2.107992e-01
1400,layers.5.out_proj.log_soft_score_temp,6.724232e-01,1.216054e-03,1.808465e-03
1400,layers.5.out_proj.log_select_temp,6.761309e-01,3.861785e-04,5.711594e-04
1400,layers.5.residual_lut.weights,2.423449e+02,4.720644e+01,1.947904e-01
1400,layers.5.residual_lut.log_soft_score_temp,6.612038e-01,2.279282e-03,3.447170e-03
1400,layers.5.residual_lut.log_select_temp,6.672406e-01,1.526773e-03,2.288190e-03
1400,ln_final.weight,2.323204e+01,6.824237e-01,2.937424e-02
1400,ln_final.bias,9.567170e-01,5.270450e-02,5.508891e-02
1600,tok_emb_E.weight,1.266401e+02,5.947745e+00,4.696573e-02
1600,unembedder.weight,1.758941e+02,2.405076e+01,1.367343e-01
1600,layers.0.qk_lut.weights,6.761069e+01,1.841787e+01,2.724107e-01
1600,layers.0.qk_lut.log_soft_score_temp,4.773419e-01,4.701290e-02,9.848893e-02
1600,layers.0.qk_lut.log_select_temp,4.562282e-01,4.874730e-02,1.068485e-01
1600,layers.0.v_lut.weights,4.412138e+01,1.597412e+01,3.620494e-01
1600,layers.0.v_lut.log_soft_score_temp,9.290690e-01,2.170837e-02,2.336572e-02
1600,layers.0.v_lut.log_select_temp,9.233313e-01,2.566606e-02,2.779724e-02
1600,layers.0.out_proj.weights,6.877089e+01,2.484995e+01,3.613440e-01
1600,layers.0.out_proj.log_soft_score_temp,6.910970e-01,4.525888e-02,6.548846e-02
1600,layers.0.out_proj.log_select_temp,8.522258e-01,4.008830e-03,4.703953e-03
1600,layers.0.residual_lut.weights,6.056187e+01,1.844932e+01,3.046359e-01
1600,layers.0.residual_lut.log_soft_score_temp,7.938991e-01,3.047526e-03,3.838682e-03
1600,layers.0.residual_lut.log_select_temp,8.395562e-01,1.905698e-02,2.269887e-02
1600,layers.1.qk_lut.weights,6.798437e+01,1.863954e+01,2.741739e-01
1600,layers.1.qk_lut.log_soft_score_temp,4.116309e-01,5.448169e-02,1.323557e-01
1600,layers.1.qk_lut.log_select_temp,4.346724e-01,5.286336e-02,1.216165e-01
1600,layers.1.v_lut.weights,4.569342e+01,1.704369e+01,3.730010e-01
1600,layers.1.v_lut.log_soft_score_temp,7.106475e-01,2.558362e-02,3.600044e-02
1600,layers.1.v_lut.log_select_temp,8.090928e-01,2.105176e-03,2.601897e-03
1600,layers.1.out_proj.weights,6.850700e+01,2.557392e+01,3.733038e-01
1600,layers.1.out_proj.log_soft_score_temp,5.574294e-01,4.043496e-02,7.253825e-02
1600,layers.1.out_proj.log_select_temp,6.984813e-01,8.600771e-03,1.231353e-02
1600,layers.1.residual_lut.weights,5.782042e+01,1.849949e+01,3.199472e-01
1600,layers.1.residual_lut.log_soft_score_temp,7.290753e-01,1.075059e-02,1.474552e-02
1600,layers.1.residual_lut.log_select_temp,8.092374e-01,1.253772e-02,1.549325e-02
1600,layers.2.qk_lut.weights,6.987619e+01,1.950319e+01,2.791107e-01
1600,layers.2.qk_lut.log_soft_score_temp,5.192046e-01,4.710317e-02,9.072178e-02
1600,layers.2.qk_lut.log_select_temp,5.486470e-01,4.155731e-02,7.574508e-02
1600,layers.2.v_lut.weights,4.354066e+01,1.646908e+01,3.782459e-01
1600,layers.2.v_lut.log_soft_score_temp,7.502208e-01,3.818572e-03,5.089930e-03
1600,layers.2.v_lut.log_select_temp,7.712010e-01,1.313210e-02,1.702811e-02
1600,layers.2.out_proj.weights,7.804044e+01,2.668374e+01,3.419220e-01
1600,layers.2.out_proj.log_soft_score_temp,5.177222e-01,2.624720e-02,5.069746e-02
1600,layers.2.out_proj.log_select_temp,5.758181e-01,8.418620e-03,1.462028e-02
1600,layers.2.residual_lut.weights,8.743282e+01,2.214013e+01,2.532245e-01
1600,layers.2.residual_lut.log_soft_score_temp,6.631446e-01,5.171239e-03,7.798056e-03
1600,layers.2.residual_lut.log_select_temp,7.087295e-01,6.479442e-03,9.142334e-03
1600,layers.3.qk_lut.weights,9.030948e+01,2.254943e+01,2.496907e-01
1600,layers.3.qk_lut.log_soft_score_temp,4.847291e-01,4.590237e-02,9.469697e-02
1600,layers.3.qk_lut.log_select_temp,5.075352e-01,4.278868e-02,8.430683e-02
1600,layers.3.v_lut.weights,8.090128e+01,2.112420e+01,2.611109e-01
1600,layers.3.v_lut.log_soft_score_temp,6.791764e-01,8.582950e-03,1.263729e-02
1600,layers.3.v_lut.log_select_temp,7.203718e-01,3.188789e-03,4.426588e-03
1600,layers.3.out_proj.weights,1.439271e+02,3.345033e+01,2.324116e-01
1600,layers.3.out_proj.log_soft_score_temp,6.280032e-01,1.178658e-02,1.876834e-02
1600,layers.3.out_proj.log_select_temp,6.660621e-01,1.323819e-04,1.987531e-04
1600,layers.3.residual_lut.weights,1.494251e+02,2.900322e+01,1.940987e-01
1600,layers.3.residual_lut.log_soft_score_temp,6.243911e-01,5.831778e-03,9.339945e-03
1600,layers.3.residual_lut.log_select_temp,6.449590e-01,1.717985e-03,2.663712e-03
1600,layers.4.qk_lut.weights,1.372599e+02,2.795659e+01,2.036763e-01
1600,layers.4.qk_lut.log_soft_score_temp,6.254182e-01,2.006632e-02,3.208464e-02
1600,layers.4.qk_lut.log_select_temp,6.242099e-01,1.954806e-02,3.131648e-02
1600,layers.4.v_lut.weights,1.406706e+02,2.767528e+01,1.967383e-01
1600,layers.4.v_lut.log_soft_score_temp,6.856106e-01,3.603280e-03,5.255577e-03
1600,layers.4.v_lut.log_select_temp,6.858640e-01,2.641857e-03,3.851866e-03
1600,layers.4.out_proj.weights,3.380241e+02,6.239307e+01,1.845817e-01
1600,layers.4.out_proj.log_soft_score_temp,5.954818e-01,2.173859e-02,3.650589e-02
1600,layers.4.out_proj.log_select_temp,6.197108e-01,1.492262e-02,2.407997e-02
1600,layers.4.residual_lut.weights,2.047170e+02,3.473358e+01,1.696663e-01
1600,layers.4.residual_lut.log_soft_score_temp,6.122701e-01,6.615877e-03,1.080549e-02
1600,layers.4.residual_lut.log_select_temp,6.177899e-01,4.604816e-03,7.453694e-03
1600,layers.5.qk_lut.weights,1.877156e+02,3.350403e+01,1.784829e-01
1600,layers.5.qk_lut.log_soft_score_temp,6.860036e-01,5.499363e-03,8.016522e-03
1600,layers.5.qk_lut.log_select_temp,6.880422e-01,7.694483e-03,1.118316e-02
1600,layers.5.v_lut.weights,2.096507e+02,3.554169e+01,1.695282e-01
1600,layers.5.v_lut.log_soft_score_temp,6.951077e-01,5.406737e-04,7.778273e-04
1600,layers.5.v_lut.log_select_temp,6.944158e-01,4.522204e-04,6.512243e-04
1600,layers.5.out_proj.weights,2.552720e+02,4.750858e+01,1.861096e-01
1600,layers.5.out_proj.log_soft_score_temp,6.708711e-01,1.552105e-03,2.313566e-03
1600,layers.5.out_proj.log_select_temp,6.759225e-01,2.083778e-04,3.082866e-04
1600,layers.5.residual_lut.weights,2.783188e+02,4.504678e+01,1.618532e-01
1600,layers.5.residual_lut.log_soft_score_temp,6.589869e-01,2.216876e-03,3.364066e-03
1600,layers.5.residual_lut.log_select_temp,6.658780e-01,1.362562e-03,2.046264e-03
1600,ln_final.weight,2.392493e+01,6.994786e-01,2.923639e-02
1600,ln_final.bias,9.790019e-01,5.729752e-02,5.852647e-02
1800,tok_emb_E.weight,1.268313e+02,5.843386e+00,4.607210e-02
1800,unembedder.weight,1.825112e+02,2.242764e+01,1.228836e-01
1800,layers.0.qk_lut.weights,6.988799e+01,1.851007e+01,2.648533e-01
1800,layers.0.qk_lut.log_soft_score_temp,4.307079e-01,4.663405e-02,1.082730e-01
1800,layers.0.qk_lut.log_select_temp,4.079063e-01,4.832193e-02,1.184633e-01
1800,layers.0.v_lut.weights,4.799902e+01,1.586454e+01,3.305180e-01
1800,layers.0.v_lut.log_soft_score_temp,9.413317e-01,1.226270e-02,1.302697e-02
1800,layers.0.v_lut.log_select_temp,9.438735e-01,2.054214e-02,2.176366e-02
1800,layers.0.out_proj.weights,7.442175e+01,2.449022e+01,3.290735e-01
1800,layers.0.out_proj.log_soft_score_temp,6.437786e-01,4.731846e-02,7.350114e-02
1800,layers.0.out_proj.log_select_temp,8.409964e-01,1.122940e-02,1.335249e-02
1800,layers.0.residual_lut.weights,6.537489e+01,1.801708e+01,2.755963e-01
1800,layers.0.residual_lut.log_soft_score_temp,7.918028e-01,2.096295e-03,2.647497e-03
1800,layers.0.residual_lut.log_select_temp,8.563575e-01,1.680130e-02,1.961949e-02
1800,layers.1.qk_lut.weights,6.995916e+01,1.839864e+01,2.629911e-01
1800,layers.1.qk_lut.log_soft_score_temp,3.579518e-01,5.367905e-02,1.499616e-01
1800,layers.1.qk_lut.log_select_temp,3.825390e-01,5.213341e-02,1.362826e-01
1800,layers.1.v_lut.weights,4.962389e+01,1.689911e+01,3.405438e-01
1800,layers.1.v_lut.log_soft_score_temp,6.785221e-01,3.212535e-02,4.734607e-02
1800,layers.1.v_lut.log_select_temp,8.056065e-01,3.486276e-03,4.327517e-03
1800,layers.1.out_proj.weights,7.397874e+01,2.514495e+01,3.398943e-01
1800,layers.1.out_proj.log_soft_score_temp,5.158927e-01,4.153675e-02,8.051432e-02
1800,layers.1.out_proj.log_select_temp,6.871102e-01,1.137108e-02,1.654913e-02
1800,layers.1.residual_lut.weights,6.248617e+01,1.805954e+01,2.890166e-01
1800,layers.1.residual_lut.log_soft_score_temp,7.131028e-01,1.597255e-02,2.239867e-02
1800,layers.1.residual_lut.log_select_temp,8.186563e-01,9.418905e-03,1.150532e-02
1800,layers.2.qk_lut.weights,7.220605e+01,1.920727e+01,2.660064e-01
1800,layers.2.qk_lut.log_soft_score_temp,4.701523e-01,4.905233e-02,1.043328e-01
1800,layers.2.qk_lut.log_select_temp,5.042454e-01,4.440165e-02,8.805563e-02
1800,layers.2.v_lut.weights,4.753725e+01,1.623080e+01,3.414333e-01
1800,layers.2.v_lut.log_soft_score_temp,7.505817e-01,3.609657e-04,4.809146e-04
1800,layers.2.v_lut.log_select_temp,7.840191e-01,1.281810e-02,1.634922e-02
1800,layers.2.out_proj.weights,8.367398e+01,2.610279e+01,3.119582e-01
1800,layers.2.out_proj.log_soft_score_temp,4.958278e-01,2.189448e-02,4.415744e-02
1800,layers.2.out_proj.log_select_temp,5.747876e-01,1.030505e-03,1.792844e-03
1800,layers.2.residual_lut.weights,9.792284e+01,2.136272e+01,2.181587e-01
1800,layers.2.residual_lut.log_soft_score_temp,6.564667e-01,6.677926e-03,1.017253e-02
1800,layers.2.residual_lut.log_select_temp,7.150135e-01,6.283998e-03,8.788643e-03
1800,layers.3.qk_lut.weights,9.663630e+01,2.193345e+01,2.269691e-01
1800,layers.3.qk_lut.log_soft_score_temp,4.415944e-01,4.313466e-02,9.767936e-02
1800,layers.3.qk_lut.log_select_temp,4.671201e-01,4.041517e-02,8.651987e-02
1800,layers.3.v_lut.weights,9.082370e+01,2.066308e+01,2.275076e-01
1800,layers.3.v_lut.log_soft_score_temp,6.693765e-01,9.799957e-03,1.464043e-02
1800,layers.3.v_lut.log_select_temp,7.226453e-01,2.273500e-03,3.146080e-03
1800,layers.3.out_proj.weights,1.518904e+02,3.211953e+01,2.114652e-01
1800,layers.3.out_proj.log_soft_score_temp,6.141505e-01,1.385266e-02,2.255580e-02
1800,layers.3.out_proj.log_select_temp,6.644228e-01,1.639247e-03,2.467174e-03
1800,layers.3.residual_lut.weights,1.710920e+02,2.842413e+01,1.661335e-01
1800,layers.3.residual_lut.log_soft_score_temp,6.192912e-01,5.099893e-03,8.235048e-03
1800,layers.3.residual_lut.log_select_temp,6.490478e-01,4.088819e-03,6.299719e-03
1800,layers.4.qk_lut.weights,1.541778e+02,2.757388e+01,1.788447e-01
1800,layers.4.qk_lut.log_soft_score_temp,6.052604e-01,2.015787e-02,3.330447e-02
1800,layers.4.qk_lut.log_select_temp,6.061299e-01,1.807994e-02,2.982848e-02
1800,layers.4.v_lut.weights,1.601971e+02,2.721609e+01,1.698913e-01
1800,layers.4.v_lut.log_soft_score_temp,6.834343e-01,2.176285e-03,3.184336e-03
1800,layers.4.v_lut.log_select_temp,6.836661e-01,2.197921e-03,3.214905e-03
1800,layers.4.out_proj.weights,3.810140e+02,5.968740e+01,1.566541e-01
1800,layers.4.out_proj.log_soft_score_temp,5.723479e-01,2.313381e-02,4.041914e-02
1800,layers.4.out_proj.log_select_temp,6.047245e-01,1.498628e-02,2.478199e-02
1800,layers.4.residual_lut.weights,2.286342e+02,3.358998e+01,1.469158e-01
1800,layers.4.residual_lut.log_soft_score_temp,6.067663e-01,5.503774e-03,9.070665e-03
1800,layers.4.residual_lut.log_select_temp,6.145369e-01,3.252983e-03,5.293390e-03
1800,layers.5.qk_lut.weights,2.086855e+02,3.276419e+01,1.570027e-01
1800,layers.5.qk_lut.log_soft_score_temp,6.832253e-01,2.778292e-03,4.066436e-03
1800,layers.5.qk_lut.log_select_temp,6.848400e-01,3.202140e-03,4.675749e-03
1800,layers.5.v_lut.weights,2.342468e+02,3.456933e+01,1.475766e-01
1800,layers.5.v_lut.log_soft_score_temp,6.953503e-01,2.426505e-04,3.489615e-04
1800,layers.5.v_lut.log_select_temp,6.945869e-01,1.710653e-04,2.462836e-04
1800,layers.5.out_proj.weights,2.784535e+02,4.619838e+01,1.659106e-01
1800,layers.5.out_proj.log_soft_score_temp,6.692124e-01,1.658738e-03,2.478642e-03
1800,layers.5.out_proj.log_select_temp,6.753718e-01,5.507469e-04,8.154722e-04
1800,layers.5.residual_lut.weights,3.126807e+02,4.332274e+01,1.385527e-01
1800,layers.5.residual_lut.log_soft_score_temp,6.570237e-01,1.963258e-03,2.988108e-03
1800,layers.5.residual_lut.log_select_temp,6.647244e-01,1.153588e-03,1.735438e-03
1800,ln_final.weight,2.459818e+01,6.794893e-01,2.762356e-02
1800,ln_final.bias,9.907188e-01,5.383833e-02,5.434270e-02
2000,tok_emb_E.weight,1.270130e+02,5.734574e+00,4.514949e-02
2000,unembedder.weight,1.885902e+02,2.199318e+01,1.166189e-01
2000,layers.0.qk_lut.weights,7.200012e+01,1.829223e+01,2.540583e-01
2000,layers.0.qk_lut.log_soft_score_temp,3.858739e-01,4.483399e-02,1.161882e-01
2000,layers.0.qk_lut.log_select_temp,3.612160e-01,4.669026e-02,1.292585e-01
2000,layers.0.v_lut.weights,5.143890e+01,1.568740e+01,3.049715e-01
2000,layers.0.v_lut.log_soft_score_temp,9.456021e-01,4.270315e-03,4.515975e-03
2000,layers.0.v_lut.log_select_temp,9.602639e-01,1.639044e-02,1.706869e-02
2000,layers.0.out_proj.weights,7.947525e+01,2.398732e+01,3.018213e-01
2000,layers.0.out_proj.log_soft_score_temp,5.973876e-01,4.639101e-02,7.765647e-02
2000,layers.0.out_proj.log_select_temp,8.280516e-01,1.294476e-02,1.563279e-02
2000,layers.0.residual_lut.weights,6.965839e+01,1.764880e+01,2.533622e-01
2000,layers.0.residual_lut.log_soft_score_temp,7.869231e-01,4.879653e-03,6.200928e-03
2000,layers.0.residual_lut.log_select_temp,8.705239e-01,1.416641e-02,1.627344e-02
2000,layers.1.qk_lut.weights,7.177125e+01,1.803562e+01,2.512931e-01
2000,layers.1.qk_lut.log_soft_score_temp,3.062820e-01,5.166987e-02,1.687003e-01
2000,layers.1.qk_lut.log_select_temp,3.321769e-01,5.036211e-02,1.516123e-01
2000,layers.1.v_lut.weights,5.313695e+01,1.657771e+01,3.119809e-01
2000,layers.1.v_lut.log_soft_score_temp,6.479610e-01,3.056109e-02,4.716501e-02
2000,layers.1.v_lut.log_select_temp,8.023236e-01,3.282905e-03,4.091746e-03
2000,layers.1.out_proj.weights,7.888062e+01,2.468064e+01,3.128860e-01
2000,layers.1.out_proj.log_soft_score_temp,4.749713e-01,4.092142e-02,8.615557e-02
2000,layers.1.out_proj.log_select_temp,6.765309e-01,1.057935e-02,1.563764e-02
2000,layers.1.residual_lut.weights,6.667390e+01,1.765805e+01,2.648420e-01
2000,layers.1.residual_lut.log_soft_score_temp,6.960521e-01,1.705068e-02,2.449628e-02
2000,layers.1.residual_lut.log_select_temp,8.271843e-01,8.527994e-03,1.030967e-02
2000,layers.2.qk_lut.weights,7.428719e+01,1.873171e+01,2.521527e-01
2000,layers.2.qk_lut.log_soft_score_temp,4.197651e-01,5.038720e-02,1.200367e-01
2000,layers.2.qk_lut.log_select_temp,4.572558e-01,4.698965e-02,1.027645e-01
2000,layers.2.v_lut.weights,5.113697e+01,1.590855e+01,3.110968e-01
2000,layers.2.v_lut.log_soft_score_temp,7.443902e-01,6.191552e-03,8.317616e-03
2000,layers.2.v_lut.log_select_temp,7.943058e-01,1.028675e-02,1.295061e-02
2000,layers.2.out_proj.weights,8.887629e+01,2.555297e+01,2.875116e-01
2000,layers.2.out_proj.log_soft_score_temp,4.778022e-01,1.802552e-02,3.772590e-02
2000,layers.2.out_proj.log_select_temp,5.777302e-01,2.942622e-03,5.093419e-03
2000,layers.2.residual_lut.weights,1.074573e+02,2.088225e+01,1.943307e-01
2000,layers.2.residual_lut.log_soft_score_temp,6.489873e-01,7.479429e-03,1.152477e-02
2000,layers.2.residual_lut.log_select_temp,7.211545e-01,6.141007e-03,8.515522e-03
2000,layers.3.qk_lut.weights,1.023360e+02,2.144403e+01,2.095453e-01
2000,layers.3.qk_lut.log_soft_score_temp,3.990479e-01,4.254645e-02,1.066199e-01
2000,layers.3.qk_lut.log_select_temp,4.286866e-01,3.843343e-02,8.965391e-02
2000,layers.3.v_lut.weights,9.989844e+01,2.021401e+01,2.023456e-01
2000,layers.3.v_lut.log_soft_score_temp,6.585615e-01,1.081496e-02,1.642210e-02
2000,layers.3.v_lut.log_select_temp,7.236894e-01,1.044154e-03,1.442821e-03
2000,layers.3.out_proj.weights,1.587455e+02,3.097753e+01,1.951395e-01
2000,layers.3.out_proj.log_soft_score_temp,5.968405e-01,1.731002e-02,2.900276e-02
2000,layers.3.out_proj.log_select_temp,6.626750e-01,1.747847e-03,2.637562e-03
2000,layers.3.residual_lut.weights,1.923996e+02,2.784895e+01,1.447454e-01
2000,layers.3.residual_lut.log_soft_score_temp,6.151282e-01,4.162967e-03,6.767641e-03
2000,layers.3.residual_lut.log_select_temp,6.546631e-01,5.615294e-03,8.577380e-03
2000,layers.4.qk_lut.weights,1.709553e+02,2.700807e+01,1.579833e-01
2000,layers.4.qk_lut.log_soft_score_temp,5.842347e-01,2.102572e-02,3.598848e-02
2000,layers.4.qk_lut.log_select_temp,5.863158e-01,1.981413e-02,3.379430e-02
2000,layers.4.v_lut.weights,1.795496e+02,2.670242e+01,1.487189e-01
2000,layers.4.v_lut.log_soft_score_temp,6.797625e-01,3.671765e-03,5.401541e-03
2000,layers.4.v_lut.log_select_temp,6.813108e-01,2.355337e-03,3.457067e-03
2000,layers.4.out_proj.weights,4.225027e+02,5.974323e+01,1.414032e-01
2000,layers.4.out_proj.log_soft_score_temp,5.509843e-01,2.136368e-02,3.877366e-02
2000,layers.4.out_proj.log_select_temp,5.914109e-01,1.331359e-02,2.251157e-02
2000,layers.4.residual_lut.weights,2.522529e+02,3.259226e+01,1.292047e-01
2000,layers.4.residual_lut.log_soft_score_temp,6.028679e-01,3.898382e-03,6.466395e-03
2000,layers.4.residual_lut.log_select_temp,6.126772e-01,1.859725e-03,3.035407e-03
2000,layers.5.qk_lut.weights,2.296028e+02,3.183307e+01,1.386441e-01
2000,layers.5.qk_lut.log_soft_score_temp,6.796741e-01,3.551185e-03,5.224835e-03
2000,layers.5.qk_lut.log_select_temp,6.805680e-01,4.271984e-03,6.277086e-03
2000,layers.5.v_lut.weights,2.581471e+02,3.350016e+01,1.297716e-01
2000,layers.5.v_lut.log_soft_score_temp,6.958492e-01,4.988313e-04,7.168669e-04
2000,layers.5.v_lut.log_select_temp,6.950259e-01,4.389882e-04,6.316142e-04
2000,layers.5.out_proj.weights,3.001898e+02,4.432315e+01,1.476504e-01
2000,layers.5.out_proj.log_soft_score_temp,6.674426e-01,1.769781e-03,2.651585e-03
2000,layers.5.out_proj.log_select_temp,6.748783e-01,4.934669e-04,7.311938e-04
2000,layers.5.residual_lut.weights,3.453256e+02,4.170423e+01,1.207678e-01
2000,layers.5.residual_lut.log_soft_score_temp,6.551611e-01,1.862586e-03,2.842943e-03
2000,layers.5.residual_lut.log_select_temp,6.637421e-01,9.822845e-04,1.479919e-03
2000,ln_final.weight,2.527009e+01,6.780530e-01,2.683224e-02
2000,ln_final.bias,9.990045e-01,5.541366e-02,5.546888e-02
2200,tok_emb_E.weight,1.271884e+02,5.630329e+00,4.426762e-02
2200,unembedder.weight,1.935716e+02,2.073630e+01,1.071247e-01
2200,layers.0.qk_lut.weights,7.404105e+01,1.831004e+01,2.472957e-01
2200,layers.0.qk_lut.log_soft_score_temp,3.426737e-01,4.320017e-02,1.260679e-01
2200,layers.0.qk_lut.log_select_temp,3.158500e-01,4.536596e-02,1.436313e-01
2200,layers.0.v_lut.weights,5.456288e+01,1.543886e+01,2.829554e-01
2200,layers.0.v_lut.log_soft_score_temp,9.453064e-01,2.956390e-04,3.127441e-04
2200,layers.0.v_lut.log_select_temp,9.729356e-01,1.267165e-02,1.302414e-02
2200,layers.0.out_proj.weights,8.404858e+01,2.353413e+01,2.800062e-01
2200,layers.0.out_proj.log_soft_score_temp,5.514810e-01,4.590654e-02,8.324229e-02
2200,layers.0.out_proj.log_select_temp,8.143427e-01,1.370895e-02,1.683437e-02
2200,layers.0.residual_lut.weights,7.361433e+01,1.727093e+01,2.346136e-01
2200,layers.0.residual_lut.log_soft_score_temp,7.802644e-01,6.658673e-03,8.533867e-03
2200,layers.0.residual_lut.log_select_temp,8.852707e-01,1.474679e-02,1.665794e-02
2200,layers.1.qk_lut.weights,7.342004e+01,1.766099e+01,2.405472e-01
2200,layers.1.qk_lut.log_soft_score_temp,2.556967e-01,5.058524e-02,1.978329e-01
2200,layers.1.qk_lut.log_select_temp,2.830436e-01,4.913336e-02,1.735894e-01
2200,layers.1.v_lut.weights,5.627590e+01,1.624554e+01,2.886767e-01
2200,layers.1.v_lut.log_soft_score_temp,6.136249e-01,3.433615e-02,5.595625e-02
2200,layers.1.v_lut.log_select_temp,7.936840e-01,8.639634e-03,1.088548e-02
2200,layers.1.out_proj.weights,8.327458e+01,2.411218e+01,2.895503e-01
2200,layers.1.out_proj.log_soft_score_temp,4.343888e-01,4.058242e-02,9.342417e-02
2200,layers.1.out_proj.log_select_temp,6.631586e-01,1.337230e-02,2.016456e-02
2200,layers.1.residual_lut.weights,7.038400e+01,1.724734e+01,2.450463e-01
2200,layers.1.residual_lut.log_soft_score_temp,6.712553e-01,2.479678e-02,3.694091e-02
2200,layers.1.residual_lut.log_select_temp,8.306550e-01,3.470719e-03,4.178291e-03
2200,layers.2.qk_lut.weights,7.620262e+01,1.835608e+01,2.408851e-01
2200,layers.2.qk_lut.log_soft_score_temp,3.727623e-01,4.700279e-02,1.260932e-01
2200,layers.2.qk_lut.log_select_temp,4.143688e-01,4.288694e-02,1.034994e-01
2200,layers.2.v_lut.weights,5.439399e+01,1.566241e+01,2.879437e-01
2200,layers.2.v_lut.log_soft_score_temp,7.396247e-01,4.765451e-03,6.443066e-03
2200,layers.2.v_lut.log_select_temp,8.054224e-01,1.111656e-02,1.380215e-02
2200,layers.2.out_proj.weights,9.384832e+01,2.495704e+01,2.659296e-01
2200,layers.2.out_proj.log_soft_score_temp,4.639003e-01,1.390195e-02,2.996754e-02
2200,layers.2.out_proj.log_select_temp,5.865259e-01,8.795738e-03,1.499633e-02
2200,layers.2.residual_lut.weights,1.166173e+02,2.033870e+01,1.744055e-01
2200,layers.2.residual_lut.log_soft_score_temp,6.406316e-01,8.355677e-03,1.304287e-02
2200,layers.2.residual_lut.log_select_temp,7.269787e-01,5.824208e-03,8.011525e-03
2200,layers.3.qk_lut.weights,1.078051e+02,2.096459e+01,1.944675e-01
2200,layers.3.qk_lut.log_soft_score_temp,3.560584e-01,4.298958e-02,1.207375e-01
2200,layers.3.qk_lut.log_select_temp,3.888062e-01,3.988042e-02,1.025715e-01
2200,layers.3.v_lut.weights,1.085772e+02,1.972883e+01,1.817032e-01
2200,layers.3.v_lut.log_soft_score_temp,6.444426e-01,1.411897e-02,2.190881e-02
2200,layers.3.v_lut.log_select_temp,7.231644e-01,5.249977e-04,7.259728e-04
2200,layers.3.out_proj.weights,1.644281e+02,2.887417e+01,1.756036e-01
2200,layers.3.out_proj.log_soft_score_temp,5.801283e-01,1.671225e-02,2.880785e-02
2200,layers.3.out_proj.log_select_temp,6.606930e-01,1.981914e-03,2.999750e-03
2200,layers.3.residual_lut.weights,2.132341e+02,2.723894e+01,1.277420e-01
2200,layers.3.residual_lut.log_soft_score_temp,6.096571e-01,5.471110e-03,8.974078e-03
2200,layers.3.residual_lut.log_select_temp,6.598234e-01,5.160272e-03,7.820687e-03
2200,layers.4.qk_lut.weights,1.875215e+02,2.650649e+01,1.413517e-01
2200,layers.4.qk_lut.log_soft_score_temp,5.641522e-01,2.008241e-02,3.559751e-02
2200,layers.4.qk_lut.log_select_temp,5.707793e-01,1.553655e-02,2.721989e-02
2200,layers.4.v_lut.weights,1.985773e+02,2.615925e+01,1.317333e-01
2200,layers.4.v_lut.log_soft_score_temp,6.743618e-01,5.400717e-03,8.008634e-03
2200,layers.4.v_lut.log_select_temp,6.777004e-01,3.610373e-03,5.327387e-03
2200,layers.4.out_proj.weights,4.625113e+02,5.749138e+01,1.243027e-01
2200,layers.4.out_proj.log_soft_score_temp,5.325250e-01,1.845926e-02,3.466365e-02
2200,layers.4.out_proj.log_select_temp,5.801924e-01,1.121855e-02,1.933591e-02
2200,layers.4.residual_lut.weights,2.754329e+02,3.147380e+01,1.142703e-01
2200,layers.4.residual_lut.log_soft_score_temp,5.985259e-01,4.341960e-03,7.254422e-03
2200,layers.4.residual_lut.log_select_temp,6.110192e-01,1.657963e-03,2.713438e-03
2200,layers.5.qk_lut.weights,2.503339e+02,3.117847e+01,1.245475e-01
2200,layers.5.qk_lut.log_soft_score_temp,6.700842e-01,9.589911e-03,1.431150e-02
2200,layers.5.qk_lut.log_select_temp,6.718917e-01,8.676291e-03,1.291323e-02
2200,layers.5.v_lut.weights,2.813864e+02,3.250221e+01,1.155074e-01
2200,layers.5.v_lut.log_soft_score_temp,6.960214e-01,1.722574e-04,2.474887e-04
2200,layers.5.v_lut.log_select_temp,6.951164e-01,9.053946e-05,1.302508e-04
2200,layers.5.out_proj.weights,3.205881e+02,4.401231e+01,1.372862e-01
2200,layers.5.out_proj.log_soft_score_temp,6.644831e-01,2.959490e-03,4.453822e-03
2200,layers.5.out_proj.log_select_temp,6.735654e-01,1.312912e-03,1.949197e-03
2200,layers.5.residual_lut.weights,3.764747e+02,4.012302e+01,1.065756e-01
2200,layers.5.residual_lut.log_soft_score_temp,6.534465e-01,1.714587e-03,2.623914e-03
2200,layers.5.residual_lut.log_select_temp,6.629305e-01,8.115768e-04,1.224226e-03
2200,ln_final.weight,2.591528e+01,6.505573e-01,2.510323e-02
2200,ln_final.bias,1.002985e+00,5.159838e-02,5.144481e-02
2400,tok_emb_E.weight,1.273573e+02,5.503669e+00,4.321440e-02
2400,unembedder.weight,1.977794e+02,1.955460e+01,9.887077e-02
2400,layers.0.qk_lut.weights,7.598945e+01,1.809031e+01,2.380634e-01
2400,layers.0.qk_lut.log_soft_score_temp,3.003758e-01,4.229793e-02,1.408167e-01
2400,layers.0.qk_lut.log_select_temp,2.713891e-01,4.446098e-02,1.638275e-01
2400,layers.0.v_lut.weights,5.737933e+01,1.512729e+01,2.636365e-01
2400,layers.0.v_lut.log_soft_score_temp,9.416920e-01,3.614426e-03,3.838225e-03
2400,layers.0.v_lut.log_select_temp,9.846241e-01,1.168859e-02,1.187112e-02
2400,layers.0.out_proj.weights,8.815352e+01,2.284147e+01,2.591102e-01
2400,layers.0.out_proj.log_soft_score_temp,5.082876e-01,4.319340e-02,8.497827e-02
2400,layers.0.out_proj.log_select_temp,8.028019e-01,1.154077e-02,1.437561e-02
2400,layers.0.residual_lut.weights,7.715067e+01,1.688513e+01,2.188591e-01
2400,layers.0.residual_lut.log_soft_score_temp,7.669976e-01,1.326686e-02,1.729714e-02
2400,layers.0.residual_lut.log_select_temp,8.978614e-01,1.259071e-02,1.402300e-02
2400,layers.1.qk_lut.weights,7.488827e+01,1.727649e+01,2.306969e-01
2400,layers.1.qk_lut.log_soft_score_temp,2.064814e-01,4.921533e-02,2.383524e-01
2400,layers.1.qk_lut.log_select_temp,2.352312e-01,4.781233e-02,2.032567e-01
2400,layers.1.v_lut.weights,5.912033e+01,1.581648e+01,2.675304e-01
2400,layers.1.v_lut.log_soft_score_temp,5.817519e-01,3.187293e-02,5.478783e-02
2400,layers.1.v_lut.log_select_temp,7.863026e-01,7.381439e-03,9.387530e-03
2400,layers.1.out_proj.weights,8.723778e+01,2.345670e+01,2.688823e-01
2400,layers.1.out_proj.log_soft_score_temp,3.936153e-01,4.077351e-02,1.035872e-01
2400,layers.1.out_proj.log_select_temp,6.501726e-01,1.298600e-02,1.997316e-02
2400,layers.1.residual_lut.weights,7.377581e+01,1.689287e+01,2.289758e-01
2400,layers.1.residual_lut.log_soft_score_temp,6.452028e-01,2.605253e-02,4.037883e-02
2400,layers.1.residual_lut.log_select_temp,8.351502e-01,4.495144e-03,5.382438e-03
2400,layers.2.qk_lut.weights,7.789252e+01,1.788468e+01,2.296071e-01
2400,layers.2.qk_lut.log_soft_score_temp,3.261936e-01,4.656872e-02,1.427641e-01
2400,layers.2.qk_lut.log_select_temp,3.722868e-01,4.208204e-02,1.130366e-01
2400,layers.2.v_lut.weights,5.736036e+01,1.535417e+01,2.676792e-01
2400,layers.2.v_lut.log_soft_score_temp,7.257646e-01,1.386017e-02,1.909733e-02
2400,layers.2.v_lut.log_select_temp,8.122662e-01,6.843865e-03,8.425643e-03
2400,layers.2.out_proj.weights,9.847177e+01,2.430823e+01,2.468548e-01
2400,layers.2.out_proj.log_soft_score_temp,4.459064e-01,1.799393e-02,4.035360e-02
2400,layers.2.out_proj.log_select_temp,5.915331e-01,5.007207e-03,8.464796e-03
2400,layers.2.residual_lut.weights,1.252119e+02,1.978980e+01,1.580504e-01
2400,layers.2.residual_lut.log_soft_score_temp,6.288302e-01,1.180142e-02,1.876726e-02
2400,layers.2.residual_lut.log_select_temp,7.318910e-01,4.912257e-03,6.711734e-03
2400,layers.3.qk_lut.weights,1.129697e+02,2.035840e+01,1.802111e-01
2400,layers.3.qk_lut.log_soft_score_temp,3.136916e-01,4.236677e-02,1.350587e-01
2400,layers.3.qk_lut.log_select_temp,3.487950e-01,4.001117e-02,1.147126e-01
2400,layers.3.v_lut.weights,1.167806e+02,1.914530e+01,1.639425e-01
2400,layers.3.v_lut.log_soft_score_temp,6.311175e-01,1.332510e-02,2.111349e-02
2400,layers.3.v_lut.log_select_temp,7.243003e-01,1.135886e-03,1.568252e-03
2400,layers.3.out_proj.weights,1.693780e+02,2.796025e+01,1.650760e-01
2400,layers.3.out_proj.log_soft_score_temp,5.610678e-01,1.906043e-02,3.397171e-02
2400,layers.3.out_proj.log_select_temp,6.604075e-01,2.855659e-04,4.324086e-04
2400,layers.3.residual_lut.weights,2.335393e+02,2.662037e+01,1.139867e-01
2400,layers.3.residual_lut.log_soft_score_temp,6.028475e-01,6.809592e-03,1.129571e-02
2400,layers.3.residual_lut.log_select_temp,6.654692e-01,5.645812e-03,8.483957e-03
2400,layers.4.qk_lut.weights,2.037602e+02,2.586537e+01,1.269402e-01
2400,layers.4.qk_lut.log_soft_score_temp,5.488346e-01,1.531768e-02,2.790946e-02
2400,layers.4.qk_lut.log_select_temp,5.584308e-01,1.234847e-02,2.211281e-02
2400,layers.4.v_lut.weights,2.172020e+02,2.548307e+01,1.173243e-01
2400,layers.4.v_lut.log_soft_score_temp,6.700047e-01,4.357159e-03,6.503177e-03
2400,layers.4.v_lut.log_select_temp,6.752347e-01,2.465665e-03,3.651568e-03
2400,layers.4.out_proj.weights,5.016278e+02,5.638919e+01,1.124124e-01
2400,layers.4.out_proj.log_soft_score_temp,5.137455e-01,1.877952e-02,3.655412e-02
2400,layers.4.out_proj.log_select_temp,5.695517e-01,1.064068e-02,1.868255e-02
2400,layers.4.residual_lut.weights,2.981412e+02,3.061505e+01,1.026864e-01
2400,layers.4.residual_lut.log_soft_score_temp,5.943764e-01,4.149556e-03,6.981361e-03
2400,layers.4.residual_lut.log_select_temp,6.100354e-01,9.838343e-04,1.612750e-03
2400,layers.5.qk_lut.weights,2.708073e+02,3.042017e+01,1.123314e-01
2400,layers.5.qk_lut.log_soft_score_temp,6.628799e-01,7.204235e-03,1.086808e-02
2400,layers.5.qk_lut.log_select_temp,6.655771e-01,6.314695e-03,9.487549e-03
2400,layers.5.v_lut.weights,3.039956e+02,3.148239e+01,1.035620e-01
2400,layers.5.v_lut.log_soft_score_temp,6.967524e-01,7.309914e-04,1.049141e-03
2400,layers.5.v_lut.log_select_temp,6.957567e-01,6.402731e-04,9.202543e-04
2400,layers.5.out_proj.weights,3.395713e+02,4.149684e+01,1.222036e-01
2400,layers.5.out_proj.log_soft_score_temp,6.621272e-01,2.355933e-03,3.558128e-03
2400,layers.5.out_proj.log_select_temp,6.732704e-01,2.949834e-04,4.381351e-04
2400,layers.5.residual_lut.weights,4.063048e+02,3.852872e+01,9.482713e-02
2400,layers.5.residual_lut.log_soft_score_temp,6.512837e-01,2.162814e-03,3.320848e-03
2400,layers.5.residual_lut.log_select_temp,6.619309e-01,9.996891e-04,1.510262e-03
2400,ln_final.weight,2.657651e+01,6.648446e-01,2.501625e-02
2400,ln_final.bias,1.007939e+00,5.697759e-02,5.652880e-02
