step,frac_zero,frac_pos,frac_neg,nonzero_per_hyperplane,hamming_vs_init,hamming_frac,sign_flips_vs_init,zero_to_nonzero_vs_init,nonzero_to_zero_vs_init,churn_vs_prev_eval,T_min,T_mean,T_max,b_min,b_mean,b_max,b_absmean,b_frac_nonzero,mean_nonzero_count,proj_std,score_over_temp,divisor_mean,sparsity_surrogate,penalty_value,target_nonzero_frac,sparsity_slack,hinge_active
0,0.336164,0.331955,0.331881,254.9130,0,0.00000000,0,0,0,0,0.392065,0.392065,0.392065,0.000000,0.000000,0.000000,0.000000,0.000000,254.9130,0.994683,1.9894,16.0000,0.624615,0.000000,0.000000,+0.624615,0
200,0.263162,0.368383,0.368455,282.9457,6689276,0.35441059,425941,3820600,2442735,6689276,0.390818,0.391627,0.392150,-0.002131,0.000001,0.001870,0.000233,1.000000,282.9457,1.047973,2.1036,16.0000,0.675203,0.000000,0.000000,+0.675203,0
400,0.234131,0.383002,0.382867,294.0936,8910867,0.47211471,1833078,4501797,2575992,5890651,0.389074,0.391155,0.392532,-0.003496,-0.000001,0.003605,0.000400,1.000000,294.0936,1.042082,2.1087,16.0000,0.695838,0.000000,0.000000,+0.695838,0
600,0.239168,0.380472,0.380361,292.1596,9796142,0.51901829,2348605,4639143,2808394,5044646,0.387710,0.390803,0.393073,-0.005796,-0.000001,0.006450,0.000676,1.000000,292.1596,1.039487,2.1087,16.0000,0.692162,0.000000,0.000000,+0.692162,0
800,0.247546,0.376284,0.376169,288.9423,10420282,0.55208641,2737891,4677500,3004891,5101911,0.385815,0.390406,0.393960,-0.008171,-0.000002,0.009739,0.001103,1.000000,288.9423,1.036628,2.0824,16.0000,0.686352,0.000000,0.000000,+0.686352,0
1000,0.255607,0.372190,0.372203,285.8470,10819772,0.57325214,3006348,4666947,3146477,4931931,0.383327,0.390007,0.395852,-0.012601,-0.000001,0.012108,0.001600,1.000000,285.8470,1.032661,2.0379,16.0000,0.681043,0.000000,0.000000,+0.681043,0
1200,0.262598,0.368715,0.368687,283.1626,11095237,0.58784682,3194879,4644441,3255917,4755851,0.380279,0.389639,0.397718,-0.016764,0.000001,0.017754,0.002167,1.000000,283.1626,1.029563,1.9783,16.0000,0.676502,0.000000,0.000000,+0.676502,0
1400,0.268291,0.365832,0.365878,280.9764,11291279,0.59823352,3331488,4620430,3339361,4538284,0.378632,0.389327,0.398744,-0.020635,0.000007,0.020623,0.002782,1.000000,280.9764,1.026740,1.9099,16.0000,0.672758,0.000000,0.000000,+0.672758,0
1600,0.272377,0.363802,0.363821,279.4072,11436869,0.60594714,3440249,4600280,3396340,4316667,0.376294,0.389040,0.401451,-0.025337,0.000004,0.021326,0.003444,1.000000,279.4072,1.025051,1.8313,16.0000,0.670111,0.000000,0.000000,+0.670111,0
1800,0.275747,0.362076,0.362177,278.1132,11544815,0.61166632,3515836,4584658,3444321,3952608,0.372950,0.388810,0.405475,-0.028032,-0.000002,0.029100,0.004049,1.000000,278.1132,1.021981,1.7432,16.0000,0.667990,0.000000,0.000000,+0.667990,0
2000,0.278484,0.360639,0.360877,277.0623,11618672,0.61557943,3567953,4569701,3481018,3528412,0.369347,0.388609,0.408090,-0.028991,0.000011,0.028500,0.004594,1.000000,277.0623,1.019169,1.6634,16.0000,0.666305,0.000000,0.000000,+0.666305,0
2200,0.280976,0.359391,0.359633,276.1053,11673165,0.61846656,3606126,4554342,3512697,3205566,0.365118,0.388488,0.410540,-0.035730,0.000026,0.036590,0.005093,1.000000,276.1053,1.016357,1.5826,16.0000,0.664774,0.000000,0.000000,+0.664774,0
2400,0.283178,0.358267,0.358555,275.2595,11717812,0.62083203,3634917,4541484,3541411,2971044,0.363452,0.388418,0.413575,-0.037962,0.000029,0.038856,0.005540,1.000000,275.2595,1.014484,1.5120,16.0000,0.663447,0.000000,0.000000,+0.663447,0
2600,0.285233,0.357233,0.357533,274.4704,11753487,0.62272215,3657483,4528646,3567358,2781635,0.362538,0.388398,0.418500,-0.039052,0.000035,0.040968,0.005969,1.000000,274.4704,1.012764,1.4453,16.0000,0.662217,0.000000,0.000000,+0.662217,0
2800,0.286874,0.356319,0.356807,273.8404,11786604,0.62447673,3677025,4519950,3589629,2627160,0.361599,0.388408,0.418547,-0.045457,0.000036,0.050318,0.006355,1.000000,273.8404,1.010847,1.3820,16.0000,0.661151,0.000000,0.000000,+0.661151,0
3000,0.288678,0.355477,0.355845,273.1477,11814087,0.62593287,3691926,4509217,3612944,2487143,0.361524,0.388495,0.420941,-0.045475,0.000029,0.057527,0.006714,1.000000,273.1477,1.009340,1.3223,16.0000,0.660056,0.000000,0.000000,+0.660056,0
3200,0.289903,0.354917,0.355180,272.6773,11837976,0.62719852,3706108,4502511,3629357,2375541,0.360052,0.388537,0.425214,-0.049253,0.000025,0.062395,0.007038,1.000000,272.6773,1.007502,1.2685,16.0000,0.659235,0.000000,0.000000,+0.659235,0
3400,0.291231,0.354217,0.354553,272.1674,11855871,0.62814665,3716788,4493587,3645496,2274227,0.359300,0.388603,0.429207,-0.051816,0.000009,0.066896,0.007360,1.000000,272.1674,1.006063,1.2171,16.0000,0.658416,0.000000,0.000000,+0.658416,0
3600,0.292504,0.353588,0.353908,271.6784,11875223,0.62917197,3726293,4486493,3662437,2183406,0.358418,0.388696,0.430989,-0.047329,0.000011,0.073231,0.007652,1.000000,271.6784,1.003841,1.1684,16.0000,0.657618,0.000000,0.000000,+0.657618,0
3800,0.293790,0.352909,0.353301,271.1847,11891486,0.63003361,3734382,4478445,3678659,2103653,0.357449,0.388818,0.431798,-0.048437,0.000018,0.073762,0.007933,1.000000,271.1847,1.001899,1.1219,16.0000,0.656839,0.000000,0.000000,+0.656839,0
4000,0.294948,0.352341,0.352712,270.7401,11905178,0.63075906,3741362,4470876,3692940,2035241,0.356581,0.388932,0.435374,-0.054233,0.000020,0.075045,0.008186,1.000000,270.7401,0.999661,1.0778,16.0000,0.656125,0.000000,0.000000,+0.656125,0
4200,0.295827,0.351928,0.352245,270.4024,11917879,0.63143194,3748156,4465530,3704193,1965060,0.355138,0.389007,0.437286,-0.054931,0.000035,0.081607,0.008433,1.000000,270.4024,0.997519,1.0362,16.0000,0.655570,0.000000,0.000000,+0.655570,0
4400,0.296834,0.351426,0.351740,270.0157,11929475,0.63204634,3753892,4458956,3716627,1904371,0.354894,0.389107,0.441107,-0.055735,0.000017,0.085451,0.008676,1.000000,270.0157,0.996270,0.9996,16.0000,0.654963,0.000000,0.000000,+0.654963,0
4600,0.297741,0.351005,0.351253,269.6673,11940853,0.63264918,3758174,4453943,3728736,1847456,0.351289,0.389191,0.442369,-0.055975,0.000008,0.083717,0.008897,1.000000,269.6673,0.994904,0.9655,16.0000,0.654425,0.000000,0.000000,+0.654425,0
4800,0.298583,0.350614,0.350804,269.3443,11949962,0.63313180,3762580,4448355,3739027,1793995,0.349656,0.389269,0.442786,-0.057692,0.000013,0.080858,0.009110,1.000000,269.3443,0.993555,0.9348,16.0000,0.653971,0.000000,0.000000,+0.653971,0
5000,0.299271,0.350204,0.350525,269.0801,11962745,0.63380903,3767525,4445782,3749438,1748616,0.349150,0.389335,0.444172,-0.053814,0.000027,0.075941,0.009319,1.000000,269.0801,0.992219,0.9050,16.0000,0.653524,0.000000,0.000000,+0.653524,0
5200,0.299917,0.349998,0.350085,268.8321,11970784,0.63423496,3772193,4441371,3757220,1701853,0.348994,0.389372,0.447682,-0.058957,0.000036,0.078352,0.009504,1.000000,268.8321,0.990585,0.8766,16.0000,0.653156,0.000000,0.000000,+0.653156,0
5400,0.300593,0.349664,0.349743,268.5724,11978167,0.63462615,3774665,4437445,3766057,1655813,0.346054,0.389423,0.449768,-0.061510,0.000048,0.080332,0.009679,1.000000,268.5724,0.989085,0.8513,16.0000,0.652756,0.000000,0.000000,+0.652756,0
5600,0.301164,0.349364,0.349472,268.3531,11985006,0.63498849,3778567,4433525,3772914,1612551,0.344322,0.389450,0.450531,-0.064468,0.000056,0.079934,0.009869,1.000000,268.3531,0.988376,0.8302,16.0000,0.652409,0.000000,0.000000,+0.652409,0
5800,0.301859,0.348995,0.349146,268.0862,11989741,0.63523936,3780463,4428384,3780894,1573989,0.343015,0.389459,0.451592,-0.065157,0.000064,0.081687,0.010040,1.000000,268.0862,0.987024,0.8080,16.0000,0.652133,0.000000,0.000000,+0.652133,0
6000,0.302178,0.348832,0.348990,267.9636,11996295,0.63558656,3785051,4426354,3784890,1533038,0.341848,0.389455,0.454007,-0.067797,0.000065,0.082674,0.010195,1.000000,267.9636,0.985980,0.7873,16.0000,0.651869,0.000000,0.000000,+0.651869,0
6200,0.302796,0.348528,0.348676,267.7265,12001886,0.63588279,3786707,4422494,3792685,1495951,0.340926,0.389460,0.456869,-0.064683,0.000065,0.082997,0.010358,1.000000,267.7265,0.984880,0.7662,16.0000,0.651611,0.000000,0.000000,+0.651611,0
6400,0.303188,0.348348,0.348464,267.5759,12007454,0.63617784,3789650,4420106,3797698,1458269,0.340540,0.389427,0.457593,-0.064428,0.000079,0.083178,0.010499,1.000000,267.5759,0.983937,0.7497,16.0000,0.651413,0.000000,0.000000,+0.651413,0
6600,0.303612,0.348172,0.348216,267.4130,12011676,0.63640147,3793015,4416532,3802129,1425835,0.339988,0.389406,0.458390,-0.062346,0.000079,0.084197,0.010637,1.000000,267.4130,0.983118,0.7346,16.0000,0.651196,0.000000,0.000000,+0.651196,0
6800,0.304002,0.347960,0.348038,267.2632,12016142,0.63663810,3794365,4414409,3807368,1390840,0.339534,0.389362,0.459566,-0.066540,0.000068,0.087164,0.010764,1.000000,267.2632,0.982277,0.7194,16.0000,0.651046,0.000000,0.000000,+0.651046,0
7000,0.304466,0.347679,0.347855,267.0850,12020113,0.63684851,3796498,4410947,3812668,1356086,0.338663,0.389338,0.462724,-0.068780,0.000072,0.085462,0.010893,1.000000,267.0850,0.981121,0.7048,16.0000,0.650811,0.000000,0.000000,+0.650811,0
7200,0.304887,0.347489,0.347624,266.9234,12025940,0.63715726,3797655,4409310,3818975,1322818,0.338955,0.389297,0.461310,-0.065173,0.000076,0.086353,0.011009,1.000000,266.9234,0.980865,0.6927,16.0000,0.650630,0.000000,0.000000,+0.650630,0
7400,0.305141,0.347324,0.347535,266.8259,12030265,0.63738638,3798642,4408583,3823040,1291768,0.336821,0.389219,0.463075,-0.069897,0.000075,0.089123,0.011112,1.000000,266.8259,0.980288,0.6817,16.0000,0.650557,0.000000,0.000000,+0.650557,0
7600,0.305385,0.347204,0.347411,266.7321,12032048,0.63748085,3800687,4406148,3825213,1262258,0.335769,0.389129,0.463838,-0.070899,0.000078,0.091662,0.011222,1.000000,266.7321,0.980364,0.6709,16.0000,0.650508,0.000000,0.000000,+0.650508,0
7800,0.305581,0.347130,0.347288,266.6568,12035891,0.63768446,3803557,4404783,3827551,1231907,0.334879,0.389008,0.464661,-0.070404,0.000075,0.091700,0.011338,1.000000,266.6568,0.980093,0.6616,16.0000,0.650520,0.000000,0.000000,+0.650520,0
8000,0.305652,0.347118,0.347230,266.6295,12039182,0.63785881,3806081,4404497,3828604,1203691,0.334635,0.388886,0.466083,-0.070596,0.000084,0.091446,0.011436,1.000000,266.6295,0.979687,0.6536,16.0000,0.650541,0.000000,0.000000,+0.650541,0
8200,0.305875,0.347001,0.347124,266.5439,12042550,0.63803726,3807245,4403495,3831810,1172462,0.334723,0.388769,0.464605,-0.072272,0.000075,0.089956,0.011526,1.000000,266.5439,0.979586,0.6460,16.0000,0.650526,0.000000,0.000000,+0.650526,0
8400,0.305905,0.346979,0.347116,266.5325,12045429,0.63818979,3809888,4403332,3832209,1145272,0.334450,0.388629,0.465474,-0.072776,0.000068,0.090221,0.011614,1.000000,266.5325,0.979588,0.6397,16.0000,0.650573,0.000000,0.000000,+0.650573,0
8600,0.305919,0.346993,0.347087,266.5269,12046837,0.63826442,3811827,4402930,3832080,1119351,0.335782,0.388465,0.466223,-0.073666,0.000066,0.095117,0.011692,1.000000,266.5269,0.979831,0.6337,16.0000,0.650669,0.000000,0.000000,+0.650669,0
8800,0.305984,0.346979,0.347037,266.5022,12048923,0.63837492,3813959,4402299,3832665,1093170,0.335860,0.388297,0.466983,-0.073390,0.000080,0.094670,0.011762,1.000000,266.5022,0.980101,0.6294,16.0000,0.650780,0.000000,0.000000,+0.650780,0
9000,0.305909,0.346963,0.347128,266.5311,12051065,0.63848841,3816158,4402981,3831926,1064223,0.334875,0.388111,0.467478,-0.074788,0.000077,0.097102,0.011836,1.000000,266.5311,0.980298,0.6261,16.0000,0.650916,0.000000,0.000000,+0.650916,0
9200,0.305950,0.346954,0.347096,266.5153,12054523,0.63867164,3818453,4403173,3832897,1037615,0.334514,0.387947,0.468487,-0.075263,0.000066,0.097142,0.011901,1.000000,266.5153,0.980453,0.6228,16.0000,0.651006,0.000000,0.000000,+0.651006,0
9400,0.306055,0.346924,0.347021,266.4748,12055806,0.63873959,3819360,4402366,3834080,1016386,0.333753,0.387752,0.467915,-0.076263,0.000066,0.098402,0.011959,1.000000,266.4748,0.980667,0.6207,16.0000,0.651142,0.000000,0.000000,+0.651142,0
9600,0.305878,0.347000,0.347122,266.5427,12058892,0.63890308,3822016,4404251,3832625,989344,0.333594,0.387550,0.467932,-0.077477,0.000070,0.101010,0.012025,1.000000,266.5427,0.981477,0.6194,16.0000,0.651301,0.000000,0.000000,+0.651301,0
9800,0.305922,0.346940,0.347138,266.5260,12059597,0.63894045,3823249,4403575,3832773,962140,0.331894,0.387358,0.468422,-0.078474,0.000069,0.100920,0.012067,1.000000,266.5260,0.982221,0.6180,16.0000,0.651446,0.000000,0.000000,+0.651446,0
10000,0.305672,0.347092,0.347236,266.6219,12060200,0.63897240,3826043,4404838,3829319,940543,0.331168,0.387136,0.467766,-0.079718,0.000067,0.099433,0.012113,1.000000,266.6219,0.982442,0.6180,16.0000,0.651671,0.000000,0.000000,+0.651671,0
10200,0.305566,0.347132,0.347302,266.6627,12061227,0.63902682,3828112,4405319,3827796,915668,0.330876,0.386916,0.468356,-0.080628,0.000070,0.102846,0.012154,1.000000,266.6627,0.982988,0.6185,16.0000,0.651889,0.000000,0.000000,+0.651889,0
10400,0.305381,0.347243,0.347376,266.7339,12063250,0.63913399,3830187,4407042,3826021,892428,0.330978,0.386698,0.468262,-0.081488,0.000060,0.102521,0.012190,1.000000,266.7339,0.983645,0.6193,16.0000,0.652111,0.000000,0.000000,+0.652111,0
10600,0.305303,0.347264,0.347433,266.7636,12064325,0.63919097,3832140,4407333,3824852,867608,0.330955,0.386483,0.468839,-0.082418,0.000061,0.104181,0.012223,1.000000,266.7636,0.984223,0.6211,16.0000,0.652322,0.000000,0.000000,+0.652322,0
10800,0.305186,0.347347,0.347467,266.8085,12065332,0.63924432,3834239,4407890,3823203,843762,0.330420,0.386266,0.468334,-0.083697,0.000063,0.104697,0.012261,1.000000,266.8085,0.985466,0.6234,16.0000,0.652537,0.000000,0.000000,+0.652537,0
11000,0.304887,0.347506,0.347607,266.9234,12067290,0.63934803,3836781,4410423,3820086,824054,0.329992,0.386044,0.468153,-0.083149,0.000069,0.104508,0.012295,1.000000,266.9234,0.986365,0.6256,16.0000,0.652774,0.000000,0.000000,+0.652774,0
11200,0.304800,0.347566,0.347634,266.9568,12067953,0.63938314,3838194,4410870,3818889,801286,0.329482,0.385827,0.467552,-0.082984,0.000073,0.104422,0.012322,1.000000,266.9568,0.987210,0.6283,16.0000,0.653005,0.000000,0.000000,+0.653005,0
11400,0.304654,0.347622,0.347724,267.0130,12069746,0.63947815,3840503,4411991,3817252,778252,0.329302,0.385618,0.466736,-0.083070,0.000067,0.104682,0.012357,1.000000,267.0130,0.987895,0.6311,16.0000,0.653227,0.000000,0.000000,+0.653227,0
11600,0.304479,0.347751,0.347770,267.0801,12070133,0.63949865,3842387,4412892,3814854,754269,0.329319,0.385408,0.465995,-0.083643,0.000075,0.104234,0.012379,1.000000,267.0801,0.988624,0.6344,16.0000,0.653452,0.000000,0.000000,+0.653452,0
11800,0.304276,0.347837,0.347887,267.1581,12070605,0.63952368,3845100,4413690,3811815,734383,0.329385,0.385209,0.465989,-0.084044,0.000073,0.105126,0.012403,1.000000,267.1581,0.989465,0.6375,16.0000,0.653665,0.000000,0.000000,+0.653665,0
12000,0.304151,0.347874,0.347975,267.2061,12071616,0.63957721,3845825,4415012,3810779,711216,0.329738,0.385027,0.465552,-0.084562,0.000075,0.104463,0.012421,1.000000,267.2061,0.990337,0.6406,16.0000,0.653856,0.000000,0.000000,+0.653856,0
12200,0.304021,0.347927,0.348051,267.2558,12071206,0.63955551,3847672,4415104,3808430,691625,0.329768,0.384832,0.464966,-0.084615,0.000072,0.104428,0.012441,1.000000,267.2558,0.991173,0.6447,16.0000,0.654065,0.000000,0.000000,+0.654065,0
12400,0.303923,0.347972,0.348105,267.2936,12072067,0.63960111,3849034,4415784,3807249,672597,0.329359,0.384653,0.464546,-0.085187,0.000070,0.103266,0.012451,1.000000,267.2936,0.991641,0.6479,16.0000,0.654260,0.000000,0.000000,+0.654260,0
12600,0.303760,0.348092,0.348148,267.3562,12073212,0.63966179,3850276,4417272,3805664,651179,0.328897,0.384472,0.464618,-0.085646,0.000067,0.104324,0.012466,1.000000,267.3562,0.992249,0.6516,16.0000,0.654461,0.000000,0.000000,+0.654461,0
12800,0.303541,0.348169,0.348289,267.4402,12072548,0.63962662,3852317,4417985,3802246,632501,0.328682,0.384294,0.464514,-0.085392,0.000067,0.104031,0.012479,1.000000,267.4402,0.993207,0.6552,16.0000,0.654669,0.000000,0.000000,+0.654669,0
13000,0.303354,0.348230,0.348415,267.5120,12073833,0.63969469,3853740,4419681,3800412,613216,0.328248,0.384124,0.464202,-0.086246,0.000069,0.105819,0.012491,1.000000,267.5120,0.994024,0.6591,16.0000,0.654870,0.000000,0.000000,+0.654870,0
13200,0.303250,0.348302,0.348448,267.5521,12075006,0.63975686,3854994,4420626,3799386,597401,0.328559,0.383963,0.463587,-0.086473,0.000071,0.105552,0.012503,1.000000,267.5521,0.994628,0.6626,16.0000,0.655056,0.000000,0.000000,+0.655056,0
13400,0.303055,0.348396,0.348549,267.6267,12074660,0.63973850,3856528,4421520,3796612,579088,0.328184,0.383813,0.463071,-0.087158,0.000072,0.104840,0.012513,1.000000,267.6267,0.995449,0.6664,16.0000,0.655224,0.000000,0.000000,+0.655224,0
13600,0.303054,0.348416,0.348530,267.6272,12075731,0.63979524,3856783,4421939,3797009,563386,0.328242,0.383676,0.462517,-0.087432,0.000071,0.104659,0.012522,1.000000,267.6272,0.996002,0.6697,16.0000,0.655373,0.000000,0.000000,+0.655373,0
13800,0.302811,0.348542,0.348647,267.7206,12075352,0.63977516,3858243,4423316,3793793,548131,0.328513,0.383533,0.462325,-0.087587,0.000071,0.105435,0.012528,1.000000,267.7206,0.996688,0.6732,16.0000,0.655543,0.000000,0.000000,+0.655543,0
14000,0.302742,0.348565,0.348693,267.7470,12076158,0.63981789,3859814,4423581,3792763,535039,0.328354,0.383406,0.462015,-0.087079,0.000072,0.105272,0.012537,1.000000,267.7470,0.997277,0.6765,16.0000,0.655682,0.000000,0.000000,+0.655682,0
14200,0.302551,0.348651,0.348798,267.8206,12077042,0.63986474,3861048,4425215,3790779,520598,0.328187,0.383281,0.461726,-0.087850,0.000073,0.105191,0.012543,1.000000,267.8206,0.998019,0.6796,16.0000,0.655823,0.000000,0.000000,+0.655823,0
14400,0.302544,0.348643,0.348813,267.8230,12077204,0.63987333,3861094,4425331,3790779,510170,0.328535,0.383165,0.461499,-0.087374,0.000072,0.105427,0.012548,1.000000,267.8230,0.998177,0.6824,16.0000,0.655950,0.000000,0.000000,+0.655950,0
14600,0.302530,0.348667,0.348803,267.8285,12078006,0.63991576,3861855,4425487,3790664,500605,0.328531,0.383054,0.461136,-0.087756,0.000073,0.106314,0.012554,1.000000,267.8285,0.998565,0.6854,16.0000,0.656064,0.000000,0.000000,+0.656064,0
14800,0.302414,0.348727,0.348860,267.8732,12077480,0.63988793,3862535,4425983,3788962,491436,0.328646,0.382944,0.460947,-0.087700,0.000074,0.106877,0.012560,1.000000,267.8732,0.999219,0.6886,16.0000,0.656183,0.000000,0.000000,+0.656183,0
15000,0.302317,0.348767,0.348917,267.9103,12077433,0.63988543,3863688,4426296,3787449,485782,0.328476,0.382837,0.460728,-0.088042,0.000076,0.107010,0.012563,1.000000,267.9103,0.999713,0.6915,16.0000,0.656295,0.000000,0.000000,+0.656295,0
15200,0.302185,0.348824,0.348991,267.9610,12077759,0.63990271,3864450,4427323,3785986,481620,0.328179,0.382730,0.460086,-0.088200,0.000078,0.106969,0.012568,1.000000,267.9610,1.000278,0.6945,16.0000,0.656414,0.000000,0.000000,+0.656414,0
15400,0.302018,0.348929,0.349053,268.0250,12077764,0.63990295,3865635,4428305,3783824,479254,0.328150,0.382626,0.459928,-0.088287,0.000077,0.107164,0.012570,1.000000,268.0250,1.000745,0.6974,16.0000,0.656527,0.000000,0.000000,+0.656527,0
15600,0.302014,0.348922,0.349064,268.0268,12077695,0.63989931,3866284,4427991,3783420,479406,0.328285,0.382525,0.459638,-0.088270,0.000076,0.106879,0.012575,1.000000,268.0268,1.001061,0.7000,16.0000,0.656633,0.000000,0.000000,+0.656633,0
15800,0.301980,0.348946,0.349075,268.0398,12078492,0.63994151,3866589,4428556,3783347,480330,0.328217,0.382427,0.459357,-0.088503,0.000076,0.107381,0.012579,1.000000,268.0398,1.001393,0.7026,16.0000,0.656732,0.000000,0.000000,+0.656732,0
16000,0.301851,0.348999,0.349151,268.0893,12078738,0.63995457,3867269,4429557,3781912,485258,0.328011,0.382327,0.459166,-0.088599,0.000075,0.108052,0.012585,1.000000,268.0893,1.001990,0.7056,16.0000,0.656835,0.000000,0.000000,+0.656835,0
