step,module,touch_frac,c_r_mean,c_r_median,c_r_max,frac_eq1,frac_ge8,frac_ge32,frac_ge64
200,L0.qkv_lut,1.0000,128.00,101,691,0.0000,0.9995,0.9647,0.7884
200,L0.v_lut,0.9901,32.32,21,589,0.0109,0.8491,0.3016,0.0924
200,L0.out_proj,0.8268,38.70,14,1151,0.0785,0.5333,0.2644,0.1450
200,L0.residual_lut,0.9583,133.58,58,1870,0.0286,0.8230,0.6086,0.4595
200,L1.qkv_lut,0.9785,130.81,66,2124,0.0200,0.8685,0.6632,0.5005
200,L1.v_lut,0.7873,40.64,12,1382,0.0945,0.4696,0.2392,0.1397
200,L1.out_proj,0.8938,35.80,14,1090,0.0732,0.5778,0.2712,0.1426
200,L1.residual_lut,0.9958,128.53,74,1479,0.0059,0.9429,0.7446,0.5474
200,L2.qkv_lut,0.9927,128.94,81,1320,0.0049,0.9456,0.7594,0.5778
200,L2.v_lut,0.9235,34.65,14,1321,0.0675,0.6041,0.2757,0.1409
200,L2.out_proj,0.8836,36.22,14,1011,0.0762,0.5681,0.2687,0.1436
200,L2.residual_lut,0.9998,128.03,98,1102,0.0000,0.9949,0.8958,0.6946
200,L3.qkv_lut,1.0000,128.00,96,1234,0.0002,0.9945,0.8955,0.6852
200,L3.v_lut,0.9864,32.44,20,884,0.0219,0.7820,0.3232,0.1302
200,L3.out_proj,0.4124,77.59,9,3781,0.0766,0.2183,0.1255,0.0887
200,L3.residual_lut,0.9983,128.22,72,1784,0.0049,0.9434,0.7205,0.5300
200,L4.qkv_lut,0.9938,128.80,68,2113,0.0046,0.9360,0.7137,0.5143
200,L4.v_lut,0.9381,34.11,14,1405,0.0594,0.6251,0.2740,0.1367
200,L4.out_proj,0.2432,131.58,13,5491,0.0416,0.1404,0.0923,0.0717
200,L4.residual_lut,0.9919,129.04,68,1886,0.0076,0.9221,0.7107,0.5149
200,L5.qkv_lut,0.9902,129.26,65,2129,0.0107,0.9022,0.6833,0.5049
200,L5.v_lut,0.9045,35.38,14,1470,0.0699,0.5936,0.2731,0.1405
200,L5.out_proj,0.4574,69.97,14,2287,0.0691,0.2718,0.1694,0.1200
200,L5.residual_lut,0.9951,128.63,82,1474,0.0051,0.9519,0.7678,0.5786
400,L0.qkv_lut,1.0000,128.00,101,683,0.0000,0.9995,0.9661,0.7910
400,L0.v_lut,0.9898,32.33,21,590,0.0110,0.8480,0.3016,0.0921
400,L0.out_proj,0.9258,34.56,16,991,0.0571,0.6387,0.2919,0.1438
400,L0.residual_lut,0.9854,129.90,65,1828,0.0176,0.8879,0.6768,0.4973
400,L1.qkv_lut,0.9897,129.33,74,1705,0.0112,0.9163,0.7119,0.5379
400,L1.v_lut,0.8506,37.62,13,1201,0.0822,0.5308,0.2549,0.1396
400,L1.out_proj,0.9453,33.85,17,685,0.0525,0.6791,0.3104,0.1462
400,L1.residual_lut,0.9993,128.09,89,1143,0.0020,0.9680,0.8081,0.6194
400,L2.qkv_lut,0.9940,128.78,91,1187,0.0011,0.9696,0.8242,0.6294
400,L2.v_lut,0.9426,33.95,16,835,0.0556,0.6560,0.3052,0.1472
400,L2.out_proj,0.9119,35.09,15,1030,0.0664,0.6082,0.2807,0.1431
400,L2.residual_lut,1.0000,128.00,92,956,0.0010,0.9871,0.8496,0.6465
400,L3.qkv_lut,1.0000,128.00,91,1566,0.0003,0.9902,0.8548,0.6440
400,L3.v_lut,0.9780,32.72,18,883,0.0321,0.7325,0.3083,0.1326
400,L3.out_proj,0.6602,48.47,10,3063,0.0990,0.3695,0.1913,0.1190
400,L3.residual_lut,1.0000,128.00,88,1253,0.0002,0.9863,0.8450,0.6289
400,L4.qkv_lut,0.9971,128.38,89,1358,0.0003,0.9860,0.8491,0.6385
400,L4.v_lut,0.9810,32.62,18,986,0.0288,0.7464,0.3076,0.1286
400,L4.out_proj,0.4955,64.58,10,3643,0.0866,0.2668,0.1538,0.1063
400,L4.residual_lut,0.9990,128.13,76,1495,0.0017,0.9648,0.7803,0.5728
400,L5.qkv_lut,0.9997,128.04,78,2887,0.0029,0.9671,0.7837,0.5783
400,L5.v_lut,0.9572,33.43,16,1295,0.0469,0.6750,0.2855,0.1326
400,L5.out_proj,0.3614,88.54,10,3764,0.0695,0.1942,0.1209,0.0876
400,L5.residual_lut,0.9507,134.64,41,4330,0.0354,0.7651,0.5222,0.3911
600,L0.qkv_lut,1.0000,128.00,102,691,0.0000,0.9997,0.9642,0.7907
600,L0.v_lut,0.9901,32.32,21,587,0.0110,0.8494,0.3025,0.0924
600,L0.out_proj,0.9452,33.86,18,904,0.0494,0.6825,0.3089,0.1414
600,L0.residual_lut,0.9917,129.07,74,1663,0.0103,0.9229,0.7197,0.5403
600,L1.qkv_lut,0.9933,128.86,78,1499,0.0076,0.9321,0.7393,0.5602
600,L1.v_lut,0.8806,36.34,14,1101,0.0776,0.5674,0.2676,0.1413
600,L1.out_proj,0.9634,33.22,18,683,0.0422,0.7133,0.3221,0.1442
600,L1.residual_lut,0.9990,128.13,93,1173,0.0007,0.9773,0.8401,0.6326
600,L2.qkv_lut,0.9948,128.67,95,1120,0.0011,0.9784,0.8459,0.6479
600,L2.v_lut,0.9530,33.58,17,605,0.0494,0.6809,0.3120,0.1467
600,L2.out_proj,0.9404,34.03,16,905,0.0526,0.6639,0.2965,0.1402
600,L2.residual_lut,0.9998,128.03,89,1309,0.0005,0.9836,0.8501,0.6316
600,L3.qkv_lut,1.0000,128.00,88,1338,0.0008,0.9876,0.8335,0.6291
600,L3.v_lut,0.9696,33.00,17,814,0.0399,0.7018,0.2975,0.1345
600,L3.out_proj,0.7999,40.01,12,2008,0.0869,0.4841,0.2379,0.1312
600,L3.residual_lut,1.0000,128.00,83,1713,0.0002,0.9922,0.8533,0.6238
600,L4.qkv_lut,0.9961,128.50,82,1813,0.0010,0.9795,0.8286,0.6060
600,L4.v_lut,0.9820,32.59,17,1347,0.0267,0.7444,0.2957,0.1240
600,L4.out_proj,0.6081,52.62,11,1903,0.0898,0.3468,0.1899,0.1216
600,L4.residual_lut,1.0000,128.00,94,956,0.0002,0.9912,0.8853,0.6733
600,L5.qkv_lut,1.0000,128.00,94,1426,0.0008,0.9922,0.8857,0.6740
600,L5.v_lut,0.9873,32.41,20,758,0.0201,0.7904,0.3236,0.1282
600,L5.out_proj,0.6292,50.86,9,2350,0.1073,0.3395,0.1920,0.1278
600,L5.residual_lut,0.9890,129.42,77,2183,0.0081,0.9299,0.7437,0.5615
800,L0.qkv_lut,1.0000,128.00,102,722,0.0000,0.9995,0.9644,0.7871
800,L0.v_lut,0.9902,32.32,21,519,0.0107,0.8480,0.3014,0.0933
800,L0.out_proj,0.9508,33.66,18,888,0.0440,0.6999,0.3149,0.1388
800,L0.residual_lut,0.9961,128.50,78,1591,0.0073,0.9402,0.7505,0.5637
800,L1.qkv_lut,0.9954,128.59,80,1321,0.0078,0.9479,0.7565,0.5737
800,L1.v_lut,0.8992,35.59,15,984,0.0681,0.5944,0.2732,0.1406
800,L1.out_proj,0.9742,32.85,19,670,0.0355,0.7374,0.3289,0.1384
800,L1.residual_lut,0.9988,128.16,95,1006,0.0012,0.9819,0.8535,0.6633
800,L2.qkv_lut,0.9946,128.69,97,1035,0.0007,0.9816,0.8630,0.6675
800,L2.v_lut,0.9615,33.28,18,686,0.0418,0.7046,0.3166,0.1431
800,L2.out_proj,0.9596,33.35,17,847,0.0464,0.6974,0.3070,0.1401
800,L2.residual_lut,0.9998,128.03,91,1320,0.0005,0.9888,0.8582,0.6438
800,L3.qkv_lut,0.9995,128.06,93,1297,0.0010,0.9857,0.8569,0.6525
800,L3.v_lut,0.9625,33.25,17,884,0.0421,0.6993,0.3043,0.1388
800,L3.out_proj,0.8414,38.03,13,1488,0.0852,0.5191,0.2523,0.1400
800,L3.residual_lut,1.0000,128.00,89,1160,0.0002,0.9856,0.8416,0.6289
800,L4.qkv_lut,0.9971,128.38,89,1465,0.0023,0.9790,0.8267,0.6252
800,L4.v_lut,0.9772,32.75,18,1000,0.0310,0.7371,0.3133,0.1351
800,L4.out_proj,0.5898,54.25,10,2194,0.0947,0.3239,0.1768,0.1176
800,L4.residual_lut,0.9993,128.09,92,1433,0.0012,0.9827,0.8354,0.6355
800,L5.qkv_lut,0.9995,128.06,90,1450,0.0018,0.9772,0.8229,0.6283
800,L5.v_lut,0.9717,32.93,18,928,0.0367,0.7312,0.3180,0.1384
800,L5.out_proj,0.4485,71.35,11,3227,0.0753,0.2505,0.1507,0.1052
800,L5.residual_lut,0.9077,141.01,101,1575,0.0000,0.8997,0.8010,0.6257
1000,L0.qkv_lut,1.0000,128.00,101,706,0.0000,0.9993,0.9635,0.7874
1000,L0.v_lut,0.9903,32.31,21,515,0.0108,0.8490,0.3031,0.0931
1000,L0.out_proj,0.9592,33.36,19,791,0.0401,0.7196,0.3265,0.1387
1000,L0.residual_lut,0.9949,128.66,80,1476,0.0051,0.9473,0.7637,0.5715
1000,L1.qkv_lut,0.9972,128.36,81,1377,0.0063,0.9536,0.7752,0.5815
1000,L1.v_lut,0.9048,35.37,15,1016,0.0649,0.6067,0.2794,0.1420
1000,L1.out_proj,0.9746,32.83,19,684,0.0325,0.7462,0.3319,0.1418
1000,L1.residual_lut,0.9993,128.09,96,887,0.0005,0.9832,0.8621,0.6646
1000,L2.qkv_lut,0.9948,128.67,97,873,0.0003,0.9819,0.8599,0.6712
1000,L2.v_lut,0.9643,33.18,18,632,0.0402,0.7122,0.3201,0.1427
1000,L2.out_proj,0.9567,33.45,16,798,0.0453,0.6836,0.2997,0.1333
1000,L2.residual_lut,0.9995,128.06,81,1752,0.0012,0.9795,0.8005,0.5991
1000,L3.qkv_lut,0.9990,128.13,83,2037,0.0020,0.9744,0.8052,0.5916
1000,L3.v_lut,0.9432,33.93,16,1322,0.0537,0.6524,0.2820,0.1312
1000,L3.out_proj,0.8212,38.97,11,1803,0.0930,0.4880,0.2293,0.1283
1000,L3.residual_lut,0.9988,128.16,85,1472,0.0017,0.9824,0.8350,0.6133
1000,L4.qkv_lut,0.9951,128.63,87,2216,0.0044,0.9650,0.8120,0.6117
1000,L4.v_lut,0.9595,33.35,16,1169,0.0425,0.6891,0.2913,0.1329
1000,L4.out_proj,0.6119,52.29,10,2656,0.0944,0.3400,0.1785,0.1126
1000,L4.residual_lut,0.9941,128.75,91,1464,0.0063,0.9556,0.8181,0.6309
1000,L5.qkv_lut,0.9927,128.94,90,1115,0.0059,0.9557,0.8291,0.6299
1000,L5.v_lut,0.9377,34.13,19,690,0.0442,0.7035,0.3125,0.1359
1000,L5.out_proj,0.6695,47.80,9,1476,0.1084,0.3588,0.1923,0.1269
1000,L5.residual_lut,0.9082,140.94,108,996,0.0000,0.9067,0.8350,0.6614
1200,L0.qkv_lut,1.0000,128.00,102,702,0.0002,0.9993,0.9629,0.7858
1200,L0.v_lut,0.9905,32.31,21,498,0.0108,0.8491,0.3016,0.0926
1200,L0.out_proj,0.9608,33.31,19,758,0.0363,0.7293,0.3286,0.1402
1200,L0.residual_lut,0.9956,128.56,84,1361,0.0049,0.9526,0.7754,0.5872
1200,L1.qkv_lut,0.9976,128.31,83,1368,0.0044,0.9552,0.7826,0.5928
1200,L1.v_lut,0.9106,35.14,15,802,0.0649,0.6170,0.2865,0.1433
1200,L1.out_proj,0.9781,32.72,20,654,0.0314,0.7580,0.3378,0.1411
1200,L1.residual_lut,1.0000,128.00,96,1097,0.0010,0.9817,0.8606,0.6663
1200,L2.qkv_lut,0.9948,128.67,96,942,0.0003,0.9819,0.8643,0.6738
1200,L2.v_lut,0.9662,33.12,18,738,0.0403,0.7142,0.3197,0.1440
1200,L2.out_proj,0.9661,33.12,18,789,0.0410,0.7165,0.3130,0.1387
1200,L2.residual_lut,0.9995,128.06,86,1259,0.0010,0.9810,0.8179,0.6096
1200,L3.qkv_lut,0.9990,128.13,87,1184,0.0013,0.9727,0.8177,0.6149
1200,L3.v_lut,0.9450,33.86,16,889,0.0528,0.6657,0.2986,0.1406
1200,L3.out_proj,0.8808,36.33,11,1244,0.0862,0.5291,0.2402,0.1310
1200,L3.residual_lut,1.0000,128.00,97,1432,0.0007,0.9937,0.8999,0.7000
1200,L4.qkv_lut,0.9928,128.92,94,1258,0.0054,0.9701,0.8659,0.6675
1200,L4.v_lut,0.9646,33.18,20,1147,0.0277,0.7622,0.3181,0.1294
1200,L4.out_proj,0.7506,42.63,10,2144,0.1036,0.4153,0.2036,0.1215
1200,L4.residual_lut,0.9978,128.28,108,1066,0.0046,0.9700,0.9036,0.7573
1200,L5.qkv_lut,0.9967,128.42,111,893,0.0049,0.9670,0.9007,0.7676
1200,L5.v_lut,0.9582,33.40,25,537,0.0293,0.8112,0.3822,0.1240
1200,L5.out_proj,0.8233,38.87,11,1221,0.0944,0.4831,0.2367,0.1367
1200,L5.residual_lut,0.9082,140.94,112,1492,0.0000,0.9075,0.8682,0.7148
1400,L0.qkv_lut,1.0000,128.00,101,648,0.0002,0.9995,0.9644,0.7834
1400,L0.v_lut,0.9905,32.31,21,604,0.0104,0.8500,0.3024,0.0923
1400,L0.out_proj,0.9668,33.10,20,752,0.0354,0.7369,0.3288,0.1374
1400,L0.residual_lut,0.9971,128.38,85,1376,0.0049,0.9565,0.7832,0.5896
1400,L1.qkv_lut,0.9976,128.31,83,1324,0.0052,0.9552,0.7894,0.5929
1400,L1.v_lut,0.9135,35.03,15,874,0.0618,0.6195,0.2832,0.1439
1400,L1.out_proj,0.9812,32.61,20,676,0.0282,0.7673,0.3402,0.1377
1400,L1.residual_lut,0.9998,128.03,99,949,0.0012,0.9880,0.8789,0.6833
1400,L2.qkv_lut,0.9948,128.67,100,969,0.0000,0.9870,0.8843,0.6906
1400,L2.v_lut,0.9717,32.93,19,696,0.0349,0.7341,0.3277,0.1394
1400,L2.out_proj,0.9695,33.01,19,837,0.0357,0.7321,0.3181,0.1347
1400,L2.residual_lut,0.9993,128.09,89,1402,0.0010,0.9824,0.8374,0.6318
1400,L3.qkv_lut,0.9989,128.15,90,1014,0.0013,0.9772,0.8351,0.6476
1400,L3.v_lut,0.9449,33.87,17,814,0.0498,0.6746,0.3051,0.1413
1400,L3.out_proj,0.8501,37.64,11,1252,0.0888,0.5095,0.2387,0.1348
1400,L3.residual_lut,0.9993,128.09,101,892,0.0002,0.9961,0.9202,0.7219
1400,L4.qkv_lut,0.9901,129.28,101,959,0.0052,0.9697,0.8833,0.6965
1400,L4.v_lut,0.9613,33.29,20,843,0.0243,0.7785,0.3264,0.1324
1400,L4.out_proj,0.7544,42.42,9,1726,0.1097,0.4102,0.2027,0.1249
1400,L4.residual_lut,1.0000,128.00,109,689,0.0000,0.9993,0.9485,0.7742
1400,L5.qkv_lut,0.9967,128.42,109,783,0.0015,0.9928,0.9419,0.7801
1400,L5.v_lut,0.9864,32.44,24,336,0.0089,0.8723,0.3741,0.1154
1400,L5.out_proj,0.8368,38.24,11,1139,0.0961,0.4959,0.2449,0.1386
1400,L5.residual_lut,0.9082,140.94,116,1053,0.0000,0.9080,0.8777,0.7366
1600,L0.qkv_lut,1.0000,128.00,101,680,0.0000,0.9995,0.9660,0.7806
1600,L0.v_lut,0.9905,32.31,21,613,0.0111,0.8485,0.3014,0.0931
1600,L0.out_proj,0.9677,33.07,20,679,0.0342,0.7441,0.3304,0.1387
1600,L0.residual_lut,0.9976,128.31,84,1395,0.0042,0.9573,0.7900,0.5916
1600,L1.qkv_lut,0.9964,128.46,85,1309,0.0044,0.9604,0.7874,0.5889
1600,L1.v_lut,0.9142,35.00,15,875,0.0624,0.6230,0.2853,0.1427
1600,L1.out_proj,0.9793,32.68,20,647,0.0273,0.7699,0.3394,0.1391
1600,L1.residual_lut,0.9993,128.09,100,912,0.0010,0.9885,0.8767,0.6794
1600,L2.qkv_lut,0.9945,128.71,99,1005,0.0007,0.9865,0.8758,0.6834
1600,L2.v_lut,0.9700,32.99,19,630,0.0354,0.7315,0.3259,0.1412
1600,L2.out_proj,0.9662,33.12,18,714,0.0359,0.7215,0.3137,0.1339
1600,L2.residual_lut,0.9990,128.13,86,1316,0.0007,0.9797,0.8276,0.6187
1600,L3.qkv_lut,0.9985,128.19,88,1216,0.0020,0.9730,0.8276,0.6257
1600,L3.v_lut,0.9444,33.88,17,837,0.0513,0.6670,0.2994,0.1408
1600,L3.out_proj,0.8468,37.79,13,1181,0.0830,0.5280,0.2568,0.1416
1600,L3.residual_lut,0.9995,128.06,98,952,0.0010,0.9939,0.8979,0.6946
1600,L4.qkv_lut,0.9901,129.28,96,1117,0.0050,0.9652,0.8511,0.6715
1600,L4.v_lut,0.9539,33.55,20,743,0.0307,0.7417,0.3257,0.1386
1600,L4.out_proj,0.8461,37.82,12,1233,0.0939,0.5039,0.2387,0.1340
1600,L4.residual_lut,1.0000,128.00,114,892,0.0002,0.9993,0.9688,0.8254
1600,L5.qkv_lut,0.9974,128.33,114,627,0.0016,0.9938,0.9650,0.8249
1600,L5.v_lut,0.9872,32.41,26,374,0.0062,0.8967,0.3915,0.1037
1600,L5.out_proj,0.9145,34.99,13,1243,0.0723,0.5797,0.2635,0.1397
1600,L5.residual_lut,0.9082,140.94,119,1006,0.0000,0.9075,0.8831,0.7549
1800,L0.qkv_lut,1.0000,128.00,101,692,0.0000,0.9993,0.9640,0.7786
1800,L0.v_lut,0.9899,32.32,21,593,0.0107,0.8485,0.3026,0.0928
1800,L0.out_proj,0.9718,32.93,20,791,0.0319,0.7588,0.3377,0.1380
1800,L0.residual_lut,0.9973,128.34,85,1347,0.0029,0.9631,0.7979,0.5999
1800,L1.qkv_lut,0.9974,128.33,86,1272,0.0037,0.9606,0.7952,0.6014
1800,L1.v_lut,0.9198,34.79,16,892,0.0607,0.6337,0.2907,0.1443
1800,L1.out_proj,0.9824,32.57,20,659,0.0262,0.7784,0.3432,0.1367
1800,L1.residual_lut,0.9995,128.06,98,881,0.0002,0.9893,0.8794,0.6890
1800,L2.qkv_lut,0.9948,128.67,99,916,0.0003,0.9875,0.8760,0.6883
1800,L2.v_lut,0.9720,32.92,19,681,0.0350,0.7368,0.3252,0.1413
1800,L2.out_proj,0.9675,33.07,18,714,0.0349,0.7276,0.3190,0.1385
1800,L2.residual_lut,0.9998,128.03,91,1368,0.0020,0.9783,0.8384,0.6362
1800,L3.qkv_lut,0.9982,128.23,91,1265,0.0016,0.9749,0.8241,0.6330
1800,L3.v_lut,0.9446,33.88,17,742,0.0503,0.6748,0.3069,0.1425
1800,L3.out_proj,0.8705,36.76,14,1352,0.0767,0.5616,0.2643,0.1418
1800,L3.residual_lut,1.0000,128.00,89,1444,0.0005,0.9890,0.8501,0.6377
1800,L4.qkv_lut,0.9883,129.52,88,1166,0.0054,0.9621,0.8289,0.6170
1800,L4.v_lut,0.9480,33.75,17,848,0.0357,0.7057,0.2956,0.1330
1800,L4.out_proj,0.7363,43.46,11,1459,0.0993,0.4250,0.2201,0.1354
1800,L4.residual_lut,1.0000,128.00,110,733,0.0002,0.9934,0.9338,0.7837
1800,L5.qkv_lut,0.9967,128.42,113,1010,0.0008,0.9883,0.9274,0.7868
1800,L5.v_lut,0.9783,32.71,25,475,0.0171,0.8484,0.3861,0.1168
1800,L5.out_proj,0.9404,34.03,14,899,0.0614,0.6233,0.2807,0.1426
1800,L5.residual_lut,0.9082,140.94,125,787,0.0000,0.9082,0.8950,0.8083
2000,L0.qkv_lut,1.0000,128.00,101,680,0.0000,0.9997,0.9634,0.7808
2000,L0.v_lut,0.9903,32.31,21,545,0.0109,0.8478,0.3033,0.0928
2000,L0.out_proj,0.9688,33.03,20,799,0.0326,0.7497,0.3345,0.1383
2000,L0.residual_lut,0.9973,128.34,85,1270,0.0024,0.9644,0.7944,0.6082
2000,L1.qkv_lut,0.9976,128.31,85,1293,0.0039,0.9595,0.7954,0.6011
2000,L1.v_lut,0.9200,34.78,16,846,0.0623,0.6327,0.2897,0.1427
2000,L1.out_proj,0.9825,32.57,21,659,0.0242,0.7831,0.3454,0.1380
2000,L1.residual_lut,1.0000,128.00,101,897,0.0007,0.9895,0.8892,0.6960
2000,L2.qkv_lut,0.9945,128.71,100,860,0.0000,0.9876,0.8823,0.6924
2000,L2.v_lut,0.9756,32.80,19,623,0.0312,0.7453,0.3297,0.1394
2000,L2.out_proj,0.9686,33.04,18,688,0.0366,0.7255,0.3191,0.1368
2000,L2.residual_lut,0.9990,128.13,86,1445,0.0029,0.9712,0.8208,0.6177
2000,L3.qkv_lut,0.9984,128.21,87,1274,0.0037,0.9696,0.8109,0.6175
2000,L3.v_lut,0.9361,34.19,17,713,0.0531,0.6584,0.3020,0.1424
2000,L3.out_proj,0.8968,35.68,15,857,0.0691,0.5932,0.2758,0.1437
2000,L3.residual_lut,1.0000,128.00,88,1376,0.0005,0.9895,0.8538,0.6389
2000,L4.qkv_lut,0.9907,129.20,87,1606,0.0041,0.9655,0.8215,0.6169
2000,L4.v_lut,0.9481,33.75,17,1012,0.0394,0.6922,0.2898,0.1331
2000,L4.out_proj,0.8739,36.62,13,900,0.0815,0.5530,0.2650,0.1446
2000,L4.residual_lut,1.0000,128.00,111,588,0.0000,0.9988,0.9597,0.8181
2000,L5.qkv_lut,0.9967,128.42,114,757,0.0010,0.9933,0.9567,0.8167
2000,L5.v_lut,0.9868,32.43,26,498,0.0067,0.8932,0.3950,0.1040
2000,L5.out_proj,0.9641,33.19,16,877,0.0439,0.6895,0.2958,0.1373
2000,L5.residual_lut,0.9082,140.94,124,866,0.0000,0.9082,0.8953,0.7949
2200,L0.qkv_lut,1.0000,128.00,101,684,0.0000,0.9995,0.9637,0.7743
2200,L0.v_lut,0.9901,32.32,21,492,0.0107,0.8475,0.3033,0.0930
2200,L0.out_proj,0.9715,32.94,20,765,0.0303,0.7613,0.3395,0.1371
2200,L0.residual_lut,0.9980,128.25,87,1287,0.0032,0.9666,0.8042,0.6113
2200,L1.qkv_lut,0.9967,128.42,86,1293,0.0028,0.9616,0.7980,0.6032
2200,L1.v_lut,0.9219,34.71,16,850,0.0588,0.6372,0.2904,0.1431
2200,L1.out_proj,0.9825,32.57,21,598,0.0230,0.7847,0.3460,0.1354
2200,L1.residual_lut,0.9998,128.03,100,869,0.0010,0.9900,0.8894,0.6946
2200,L2.qkv_lut,0.9946,128.69,100,943,0.0005,0.9880,0.8830,0.6965
2200,L2.v_lut,0.9734,32.87,19,646,0.0317,0.7430,0.3285,0.1402
2200,L2.out_proj,0.9776,32.73,20,564,0.0272,0.7714,0.3404,0.1353
2200,L2.residual_lut,0.9988,128.16,96,949,0.0012,0.9856,0.8650,0.6697
2200,L3.qkv_lut,0.9989,128.15,97,1021,0.0011,0.9808,0.8595,0.6621
2200,L3.v_lut,0.9515,33.63,18,635,0.0472,0.6993,0.3229,0.1435
2200,L3.out_proj,0.9096,35.18,15,1013,0.0674,0.6004,0.2769,0.1421
2200,L3.residual_lut,0.9995,128.06,89,1382,0.0007,0.9875,0.8545,0.6367
2200,L4.qkv_lut,0.9888,129.45,89,1300,0.0055,0.9632,0.8298,0.6274
2200,L4.v_lut,0.9464,33.81,17,1173,0.0396,0.6954,0.2898,0.1306
2200,L4.out_proj,0.8879,36.04,13,1098,0.0813,0.5502,0.2583,0.1368
2200,L4.residual_lut,1.0000,128.00,112,593,0.0000,0.9998,0.9690,0.8264
2200,L5.qkv_lut,0.9976,128.31,115,763,0.0016,0.9935,0.9618,0.8260
2200,L5.v_lut,0.9890,32.35,26,356,0.0064,0.9047,0.3958,0.0995
2200,L5.out_proj,0.9653,33.15,15,762,0.0456,0.6720,0.2890,0.1390
2200,L5.residual_lut,0.9082,140.94,124,1124,0.0000,0.9080,0.8945,0.7976
2400,L0.qkv_lut,1.0000,128.00,101,741,0.0000,0.9993,0.9627,0.7769
2400,L0.v_lut,0.9902,32.32,21,541,0.0114,0.8460,0.3026,0.0932
2400,L0.out_proj,0.9727,32.90,20,781,0.0290,0.7640,0.3397,0.1361
2400,L0.residual_lut,0.9980,128.25,88,1206,0.0039,0.9668,0.8105,0.6118
2400,L1.qkv_lut,0.9980,128.25,87,1213,0.0039,0.9640,0.8091,0.6042
2400,L1.v_lut,0.9233,34.66,16,821,0.0573,0.6405,0.2917,0.1433
2400,L1.out_proj,0.9841,32.52,21,666,0.0234,0.7884,0.3477,0.1367
2400,L1.residual_lut,0.9998,128.03,102,905,0.0005,0.9905,0.8879,0.7024
2400,L2.qkv_lut,0.9946,128.69,101,869,0.0003,0.9880,0.8848,0.7036
2400,L2.v_lut,0.9738,32.86,19,668,0.0320,0.7448,0.3308,0.1396
2400,L2.out_proj,0.9690,33.02,20,560,0.0327,0.7433,0.3287,0.1378
2400,L2.residual_lut,0.9990,128.13,91,957,0.0017,0.9773,0.8406,0.6411
2400,L3.qkv_lut,0.9989,128.15,91,1089,0.0016,0.9766,0.8312,0.6341
2400,L3.v_lut,0.9442,33.89,18,618,0.0501,0.6804,0.3093,0.1426
2400,L3.out_proj,0.9030,35.44,15,1000,0.0667,0.6063,0.2802,0.1426
2400,L3.residual_lut,0.9998,128.03,90,1341,0.0012,0.9875,0.8640,0.6521
2400,L4.qkv_lut,0.9915,129.09,90,1456,0.0052,0.9652,0.8311,0.6257
2400,L4.v_lut,0.9464,33.81,17,1121,0.0387,0.7002,0.2942,0.1317
2400,L4.out_proj,0.8900,35.95,14,772,0.0745,0.5756,0.2713,0.1463
2400,L4.residual_lut,1.0000,128.00,115,673,0.0000,0.9995,0.9736,0.8401
2400,L5.qkv_lut,0.9982,128.23,116,679,0.0013,0.9937,0.9723,0.8517
2400,L5.v_lut,0.9900,32.32,27,365,0.0061,0.9175,0.4089,0.0924
2400,L5.out_proj,0.9576,33.42,16,875,0.0493,0.6672,0.2921,0.1391
2400,L5.residual_lut,0.9082,140.94,122,848,0.0000,0.9077,0.8940,0.7964
2600,L0.qkv_lut,1.0000,128.00,101,695,0.0000,0.9990,0.9622,0.7795
2600,L0.v_lut,0.9903,32.31,20,549,0.0113,0.8468,0.3023,0.0938
2600,L0.out_proj,0.9713,32.94,20,692,0.0298,0.7600,0.3367,0.1374
2600,L0.residual_lut,0.9976,128.31,86,1245,0.0034,0.9675,0.8091,0.6150
2600,L1.qkv_lut,0.9976,128.31,87,1246,0.0033,0.9665,0.8032,0.6094
2600,L1.v_lut,0.9233,34.66,16,845,0.0568,0.6423,0.2923,0.1424
2600,L1.out_proj,0.9858,32.46,21,598,0.0234,0.7924,0.3470,0.1343
2600,L1.residual_lut,1.0000,128.00,103,876,0.0005,0.9897,0.8889,0.6985
2600,L2.qkv_lut,0.9946,128.69,101,856,0.0005,0.9891,0.8857,0.7008
2600,L2.v_lut,0.9759,32.79,19,645,0.0321,0.7467,0.3312,0.1397
2600,L2.out_proj,0.9710,32.95,19,632,0.0349,0.7431,0.3261,0.1367
2600,L2.residual_lut,0.9990,128.13,90,1029,0.0020,0.9746,0.8252,0.6326
2600,L3.qkv_lut,0.9982,128.23,88,1164,0.0024,0.9718,0.8156,0.6208
2600,L3.v_lut,0.9416,33.98,17,1008,0.0536,0.6683,0.3047,0.1421
2600,L3.out_proj,0.9182,34.85,16,687,0.0606,0.6368,0.2986,0.1484
2600,L3.residual_lut,0.9998,128.03,93,994,0.0005,0.9893,0.8650,0.6599
2600,L4.qkv_lut,0.9901,129.28,93,1200,0.0067,0.9616,0.8341,0.6383
2600,L4.v_lut,0.9438,33.91,18,1126,0.0402,0.6932,0.3043,0.1369
2600,L4.out_proj,0.8545,37.45,14,1076,0.0823,0.5421,0.2658,0.1453
2600,L4.residual_lut,1.0000,128.00,113,762,0.0000,0.9956,0.9536,0.8079
2600,L5.qkv_lut,0.9971,128.38,114,764,0.0013,0.9927,0.9435,0.8128
2600,L5.v_lut,0.9862,32.45,26,370,0.0104,0.8762,0.3945,0.1063
2600,L5.out_proj,0.9856,32.47,20,780,0.0229,0.7767,0.3284,0.1348
2600,L5.residual_lut,0.9082,140.94,125,900,0.0000,0.9082,0.8994,0.8259
2800,L0.qkv_lut,1.0000,128.00,101,739,0.0000,0.9995,0.9622,0.7780
2800,L0.v_lut,0.9899,32.33,20,550,0.0109,0.8454,0.3031,0.0930
2800,L0.out_proj,0.9724,32.91,20,762,0.0292,0.7618,0.3375,0.1371
2800,L0.residual_lut,0.9983,128.22,89,1168,0.0027,0.9663,0.8176,0.6172
2800,L1.qkv_lut,0.9969,128.40,88,1279,0.0029,0.9647,0.8071,0.6110
2800,L1.v_lut,0.9259,34.56,16,875,0.0581,0.6442,0.2943,0.1427
2800,L1.out_proj,0.9857,32.47,21,593,0.0223,0.7913,0.3476,0.1353
2800,L1.residual_lut,0.9998,128.03,102,852,0.0000,0.9905,0.8926,0.7024
2800,L2.qkv_lut,0.9948,128.67,102,828,0.0002,0.9888,0.8838,0.7013
2800,L2.v_lut,0.9746,32.84,19,671,0.0306,0.7489,0.3311,0.1401
2800,L2.out_proj,0.9780,32.72,20,605,0.0276,0.7702,0.3426,0.1343
2800,L2.residual_lut,0.9993,128.09,98,928,0.0012,0.9834,0.8647,0.6760
2800,L3.qkv_lut,0.9997,128.04,96,1016,0.0011,0.9811,0.8514,0.6616
2800,L3.v_lut,0.9491,33.72,19,757,0.0461,0.6985,0.3224,0.1451
2800,L3.out_proj,0.9424,33.96,16,844,0.0522,0.6628,0.2981,0.1433
2800,L3.residual_lut,0.9993,128.09,83,1040,0.0010,0.9785,0.8250,0.6042
2800,L4.qkv_lut,0.9897,129.33,86,1386,0.0065,0.9585,0.8062,0.6032
2800,L4.v_lut,0.9348,34.23,15,975,0.0492,0.6499,0.2759,0.1352
2800,L4.out_proj,0.8398,38.10,13,1146,0.0869,0.5182,0.2459,0.1339
2800,L4.residual_lut,1.0000,128.00,113,577,0.0000,0.9995,0.9646,0.8118
2800,L5.qkv_lut,0.9963,128.48,114,648,0.0008,0.9937,0.9626,0.8242
2800,L5.v_lut,0.9880,32.39,26,413,0.0054,0.9090,0.3963,0.0992
2800,L5.out_proj,0.9870,32.42,19,601,0.0233,0.7665,0.3170,0.1362
2800,L5.residual_lut,0.9082,140.94,127,981,0.0000,0.9082,0.8987,0.8293
3000,L0.qkv_lut,1.0000,128.00,102,741,0.0000,0.9993,0.9629,0.7783
3000,L0.v_lut,0.9900,32.32,20,492,0.0110,0.8454,0.3024,0.0938
3000,L0.out_proj,0.9723,32.91,21,743,0.0281,0.7651,0.3384,0.1357
3000,L0.residual_lut,0.9978,128.28,88,1206,0.0017,0.9680,0.8125,0.6165
3000,L1.qkv_lut,0.9990,128.13,86,1293,0.0057,0.9647,0.8088,0.6095
3000,L1.v_lut,0.9267,34.53,16,810,0.0592,0.6453,0.2930,0.1429
3000,L1.out_proj,0.9863,32.44,21,637,0.0212,0.7961,0.3513,0.1337
3000,L1.residual_lut,1.0000,128.00,102,864,0.0005,0.9932,0.8904,0.6997
3000,L2.qkv_lut,0.9946,128.69,100,873,0.0000,0.9893,0.8908,0.7004
3000,L2.v_lut,0.9766,32.77,19,621,0.0317,0.7528,0.3315,0.1378
3000,L2.out_proj,0.9761,32.78,20,589,0.0299,0.7645,0.3390,0.1346
3000,L2.residual_lut,0.9993,128.09,96,935,0.0027,0.9846,0.8569,0.6667
3000,L3.qkv_lut,0.9987,128.17,94,1035,0.0011,0.9782,0.8411,0.6507
3000,L3.v_lut,0.9475,33.77,18,699,0.0484,0.6918,0.3196,0.1437
3000,L3.out_proj,0.9319,34.34,17,680,0.0557,0.6584,0.3031,0.1443
3000,L3.residual_lut,0.9993,128.09,93,1219,0.0017,0.9834,0.8574,0.6514
3000,L4.qkv_lut,0.9904,129.24,92,1068,0.0041,0.9595,0.8257,0.6354
3000,L4.v_lut,0.9379,34.12,17,1256,0.0445,0.6841,0.3039,0.1399
3000,L4.out_proj,0.8991,35.59,16,838,0.0681,0.6043,0.2855,0.1471
3000,L4.residual_lut,1.0000,128.00,116,613,0.0000,0.9998,0.9739,0.8364
3000,L5.qkv_lut,0.9980,128.25,116,877,0.0013,0.9937,0.9683,0.8431
3000,L5.v_lut,0.9892,32.35,27,351,0.0062,0.9118,0.4033,0.0963
3000,L5.out_proj,0.9719,32.93,17,825,0.0393,0.7124,0.3083,0.1377
3000,L5.residual_lut,0.9082,140.94,124,821,0.0000,0.9080,0.8916,0.8083
3200,L0.qkv_lut,1.0000,128.00,101,699,0.0000,0.9995,0.9647,0.7795
3200,L0.v_lut,0.9901,32.32,21,496,0.0113,0.8444,0.3033,0.0941
3200,L0.out_proj,0.9709,32.96,21,792,0.0284,0.7581,0.3359,0.1374
3200,L0.residual_lut,0.9985,128.19,88,1135,0.0024,0.9705,0.8130,0.6118
3200,L1.qkv_lut,0.9979,128.27,86,1324,0.0037,0.9647,0.8115,0.6115
3200,L1.v_lut,0.9244,34.62,16,796,0.0585,0.6452,0.2933,0.1426
3200,L1.out_proj,0.9852,32.48,21,648,0.0196,0.8000,0.3500,0.1353
3200,L1.residual_lut,0.9998,128.03,102,832,0.0000,0.9937,0.8967,0.7126
3200,L2.qkv_lut,0.9948,128.67,103,853,0.0002,0.9896,0.8914,0.7017
3200,L2.v_lut,0.9764,32.77,20,647,0.0305,0.7536,0.3337,0.1387
3200,L2.out_proj,0.9799,32.66,20,536,0.0267,0.7710,0.3420,0.1339
3200,L2.residual_lut,0.9985,128.19,95,1027,0.0002,0.9819,0.8604,0.6658
3200,L3.qkv_lut,0.9992,128.10,94,1173,0.0023,0.9798,0.8480,0.6510
3200,L3.v_lut,0.9491,33.72,18,774,0.0463,0.6939,0.3194,0.1431
3200,L3.out_proj,0.9218,34.71,16,793,0.0618,0.6299,0.2891,0.1438
3200,L3.residual_lut,0.9983,128.22,78,1379,0.0024,0.9670,0.7822,0.5679
3200,L4.qkv_lut,0.9893,129.39,77,1622,0.0050,0.9442,0.7616,0.5553
3200,L4.v_lut,0.9194,34.81,14,1325,0.0575,0.6157,0.2649,0.1315
3200,L4.out_proj,0.8328,38.42,12,1504,0.0869,0.5059,0.2370,0.1331
3200,L4.residual_lut,1.0000,128.00,114,570,0.0000,0.9978,0.9626,0.8176
3200,L5.qkv_lut,0.9964,128.46,116,708,0.0018,0.9930,0.9502,0.8218
3200,L5.v_lut,0.9855,32.47,26,299,0.0069,0.8916,0.3947,0.1043
3200,L5.out_proj,0.9917,32.27,21,545,0.0148,0.8164,0.3460,0.1288
3200,L5.residual_lut,0.9082,140.94,126,766,0.0000,0.9080,0.8979,0.8279
3400,L0.qkv_lut,1.0000,128.00,101,707,0.0000,0.9990,0.9632,0.7762
3400,L0.v_lut,0.9899,32.33,21,564,0.0117,0.8434,0.3033,0.0940
3400,L0.out_proj,0.9728,32.89,20,753,0.0280,0.7669,0.3387,0.1370
3400,L0.residual_lut,0.9985,128.19,87,1161,0.0020,0.9722,0.8198,0.6235
3400,L1.qkv_lut,0.9977,128.29,88,1237,0.0026,0.9661,0.8115,0.6178
3400,L1.v_lut,0.9263,34.55,16,801,0.0564,0.6486,0.2956,0.1428
3400,L1.out_proj,0.9872,32.42,21,528,0.0219,0.8014,0.3523,0.1337
3400,L1.residual_lut,1.0000,128.00,102,856,0.0007,0.9915,0.9060,0.7122
3400,L2.qkv_lut,0.9948,128.67,102,863,0.0002,0.9893,0.8945,0.7126
3400,L2.v_lut,0.9787,32.70,19,625,0.0291,0.7559,0.3330,0.1392
3400,L2.out_proj,0.9786,32.70,21,461,0.0254,0.7821,0.3476,0.1352
3400,L2.residual_lut,0.9998,128.03,97,934,0.0015,0.9841,0.8525,0.6702
3400,L3.qkv_lut,0.9992,128.10,94,1042,0.0013,0.9779,0.8436,0.6517
3400,L3.v_lut,0.9501,33.68,18,680,0.0462,0.6961,0.3219,0.1455
3400,L3.out_proj,0.9512,33.64,18,667,0.0453,0.6962,0.3171,0.1440
3400,L3.residual_lut,0.9983,128.22,88,1074,0.0010,0.9780,0.8301,0.6230
3400,L4.qkv_lut,0.9902,129.26,87,1230,0.0050,0.9520,0.8040,0.6100
3400,L4.v_lut,0.9334,34.28,16,1557,0.0491,0.6601,0.2831,0.1375
3400,L4.out_proj,0.9111,35.12,15,826,0.0622,0.6161,0.2863,0.1440
3400,L4.residual_lut,1.0000,128.00,116,510,0.0000,0.9998,0.9731,0.8416
3400,L5.qkv_lut,0.9972,128.36,115,627,0.0011,0.9941,0.9663,0.8447
3400,L5.v_lut,0.9889,32.36,27,278,0.0049,0.9158,0.4006,0.0969
3400,L5.out_proj,0.9886,32.37,20,721,0.0209,0.7860,0.3289,0.1314
3400,L5.residual_lut,0.9082,140.94,128,909,0.0000,0.9082,0.9014,0.8291
3600,L0.qkv_lut,1.0000,128.00,101,686,0.0000,0.9995,0.9626,0.7741
3600,L0.v_lut,0.9898,32.33,20,478,0.0116,0.8435,0.3041,0.0940
3600,L0.out_proj,0.9730,32.89,20,828,0.0299,0.7644,0.3393,0.1358
3600,L0.residual_lut,0.9978,128.28,89,1137,0.0022,0.9724,0.8174,0.6218
3600,L1.qkv_lut,0.9982,128.23,88,1282,0.0028,0.9648,0.8122,0.6169
3600,L1.v_lut,0.9259,34.56,16,785,0.0576,0.6490,0.2951,0.1422
3600,L1.out_proj,0.9869,32.43,21,599,0.0208,0.8026,0.3519,0.1323
3600,L1.residual_lut,1.0000,128.00,102,928,0.0000,0.9907,0.8953,0.7107
3600,L2.qkv_lut,0.9948,128.67,102,893,0.0003,0.9896,0.8926,0.7015
3600,L2.v_lut,0.9771,32.75,19,646,0.0290,0.7542,0.3321,0.1386
3600,L2.out_proj,0.9786,32.70,21,504,0.0271,0.7711,0.3434,0.1360
3600,L2.residual_lut,0.9993,128.09,96,1103,0.0005,0.9810,0.8538,0.6655
3600,L3.qkv_lut,0.9989,128.15,93,1100,0.0026,0.9788,0.8389,0.6427
3600,L3.v_lut,0.9470,33.79,18,854,0.0476,0.6889,0.3171,0.1448
3600,L3.out_proj,0.9366,34.17,17,611,0.0557,0.6579,0.3027,0.1444
3600,L3.residual_lut,0.9983,128.22,79,1542,0.0039,0.9678,0.7915,0.5740
3600,L4.qkv_lut,0.9909,129.18,78,1807,0.0062,0.9443,0.7679,0.5672
3600,L4.v_lut,0.9224,34.69,14,1641,0.0589,0.6164,0.2663,0.1332
3600,L4.out_proj,0.8634,37.06,14,1322,0.0775,0.5562,0.2721,0.1417
3600,L4.residual_lut,1.0000,128.00,116,515,0.0000,0.9998,0.9768,0.8406
3600,L5.qkv_lut,0.9980,128.25,116,852,0.0016,0.9938,0.9691,0.8376
3600,L5.v_lut,0.9890,32.36,27,343,0.0048,0.9184,0.4011,0.0951
3600,L5.out_proj,0.9946,32.17,21,527,0.0134,0.8309,0.3419,0.1248
3600,L5.residual_lut,0.9082,140.94,128,935,0.0000,0.9082,0.9004,0.8372
3800,L0.qkv_lut,1.0000,128.00,101,687,0.0000,0.9997,0.9626,0.7736
3800,L0.v_lut,0.9897,32.33,20,535,0.0119,0.8439,0.3026,0.0950
3800,L0.out_proj,0.9722,32.91,21,807,0.0276,0.7669,0.3398,0.1352
3800,L0.residual_lut,0.9980,128.25,90,1146,0.0044,0.9724,0.8274,0.6265
3800,L1.qkv_lut,0.9972,128.36,89,1235,0.0026,0.9674,0.8177,0.6134
3800,L1.v_lut,0.9291,34.44,17,773,0.0561,0.6514,0.2979,0.1420
3800,L1.out_proj,0.9864,32.44,21,602,0.0207,0.8035,0.3512,0.1335
3800,L1.residual_lut,1.0000,128.00,102,954,0.0000,0.9917,0.9019,0.7134
3800,L2.qkv_lut,0.9946,128.69,102,860,0.0003,0.9884,0.8950,0.7035
3800,L2.v_lut,0.9784,32.71,20,601,0.0280,0.7572,0.3315,0.1390
3800,L2.out_proj,0.9814,32.61,21,429,0.0254,0.7816,0.3460,0.1339
3800,L2.residual_lut,0.9995,128.06,96,914,0.0024,0.9824,0.8645,0.6697
3800,L3.qkv_lut,0.9985,128.19,95,1129,0.0015,0.9819,0.8472,0.6512
3800,L3.v_lut,0.9496,33.70,18,754,0.0452,0.6967,0.3206,0.1436
3800,L3.out_proj,0.9427,33.94,17,547,0.0489,0.6754,0.3062,0.1461
3800,L3.residual_lut,0.9993,128.09,80,1477,0.0027,0.9673,0.7864,0.5791
3800,L4.qkv_lut,0.9910,129.16,78,1518,0.0057,0.9466,0.7616,0.5610
3800,L4.v_lut,0.9209,34.75,14,1017,0.0602,0.6164,0.2653,0.1350
3800,L4.out_proj,0.9118,35.10,15,1127,0.0666,0.6110,0.2787,0.1390
3800,L4.residual_lut,1.0000,128.00,115,682,0.0000,0.9995,0.9739,0.8420
3800,L5.qkv_lut,0.9977,128.29,115,725,0.0016,0.9938,0.9738,0.8436
3800,L5.v_lut,0.9887,32.36,27,310,0.0053,0.9176,0.4023,0.0950
3800,L5.out_proj,0.9967,32.11,23,418,0.0064,0.8829,0.3609,0.1143
3800,L5.residual_lut,0.9082,140.94,130,825,0.0000,0.9082,0.8999,0.8486
4000,L0.qkv_lut,1.0000,128.00,101,685,0.0000,0.9993,0.9622,0.7756
4000,L0.v_lut,0.9897,32.33,21,535,0.0116,0.8435,0.3024,0.0946
4000,L0.out_proj,0.9727,32.90,21,764,0.0278,0.7669,0.3387,0.1363
4000,L0.residual_lut,0.9988,128.16,90,1166,0.0027,0.9722,0.8213,0.6191
4000,L1.qkv_lut,0.9969,128.40,87,1181,0.0039,0.9668,0.8148,0.6182
4000,L1.v_lut,0.9251,34.59,17,810,0.0567,0.6490,0.2978,0.1431
4000,L1.out_proj,0.9876,32.40,22,639,0.0203,0.8034,0.3529,0.1321
4000,L1.residual_lut,0.9998,128.03,102,904,0.0000,0.9917,0.9036,0.7095
4000,L2.qkv_lut,0.9948,128.67,102,900,0.0005,0.9896,0.8880,0.7035
4000,L2.v_lut,0.9776,32.73,20,560,0.0291,0.7545,0.3329,0.1382
4000,L2.out_proj,0.9780,32.72,21,481,0.0273,0.7740,0.3439,0.1339
4000,L2.residual_lut,0.9988,128.16,95,855,0.0010,0.9800,0.8494,0.6609
4000,L3.qkv_lut,0.9979,128.27,94,1080,0.0013,0.9767,0.8351,0.6413
4000,L3.v_lut,0.9457,33.84,18,892,0.0479,0.6863,0.3158,0.1437
4000,L3.out_proj,0.9426,33.95,17,667,0.0493,0.6751,0.3088,0.1440
4000,L3.residual_lut,0.9983,128.22,88,1419,0.0017,0.9749,0.8215,0.6174
4000,L4.qkv_lut,0.9906,129.22,88,1291,0.0062,0.9531,0.8011,0.6160
4000,L4.v_lut,0.9253,34.58,16,1448,0.0533,0.6478,0.2848,0.1376
4000,L4.out_proj,0.9288,34.45,16,1264,0.0610,0.6365,0.2941,0.1428
4000,L4.residual_lut,1.0000,128.00,115,624,0.0000,0.9998,0.9741,0.8359
4000,L5.qkv_lut,0.9987,128.17,115,857,0.0013,0.9941,0.9725,0.8498
4000,L5.v_lut,0.9900,32.32,27,400,0.0049,0.9202,0.3999,0.0916
4000,L5.out_proj,0.9963,32.12,23,433,0.0071,0.8712,0.3585,0.1175
4000,L5.residual_lut,0.9082,140.94,129,832,0.0000,0.9082,0.9009,0.8445
4200,L0.qkv_lut,1.0000,128.00,101,679,0.0000,0.9992,0.9606,0.7713
4200,L0.v_lut,0.9899,32.33,20,567,0.0114,0.8412,0.3024,0.0946
4200,L0.out_proj,0.9739,32.86,21,758,0.0266,0.7698,0.3383,0.1346
4200,L0.residual_lut,0.9990,128.13,90,1153,0.0022,0.9771,0.8252,0.6226
4200,L1.qkv_lut,0.9977,128.29,89,1176,0.0021,0.9679,0.8153,0.6204
4200,L1.v_lut,0.9303,34.40,17,790,0.0553,0.6537,0.2974,0.1418
4200,L1.out_proj,0.9875,32.40,21,598,0.0208,0.8043,0.3503,0.1327
4200,L1.residual_lut,0.9998,128.03,103,889,0.0000,0.9932,0.8979,0.7136
4200,L2.qkv_lut,0.9946,128.69,101,884,0.0000,0.9886,0.8932,0.7095
4200,L2.v_lut,0.9780,32.72,20,628,0.0296,0.7569,0.3341,0.1382
4200,L2.out_proj,0.9817,32.60,21,427,0.0234,0.7878,0.3469,0.1336
4200,L2.residual_lut,0.9998,128.03,96,1158,0.0010,0.9827,0.8589,0.6648
4200,L3.qkv_lut,0.9990,128.13,94,1176,0.0020,0.9798,0.8407,0.6493
4200,L3.v_lut,0.9488,33.73,18,649,0.0448,0.6932,0.3195,0.1444
4200,L3.out_proj,0.9387,34.09,17,704,0.0523,0.6683,0.3087,0.1451
4200,L3.residual_lut,0.9983,128.22,83,1257,0.0044,0.9661,0.7861,0.5830
4200,L4.qkv_lut,0.9888,129.45,81,1612,0.0060,0.9435,0.7723,0.5771
4200,L4.v_lut,0.9147,34.99,15,1187,0.0596,0.6223,0.2756,0.1363
4200,L4.out_proj,0.8356,38.30,14,1710,0.0812,0.5312,0.2569,0.1382
4200,L4.residual_lut,1.0000,128.00,114,585,0.0000,0.9998,0.9717,0.8174
4200,L5.qkv_lut,0.9980,128.25,112,614,0.0016,0.9932,0.9684,0.8262
4200,L5.v_lut,0.9883,32.38,26,368,0.0054,0.9097,0.3896,0.1003
4200,L5.out_proj,0.9923,32.25,21,507,0.0149,0.8179,0.3469,0.1272
4200,L5.residual_lut,0.9082,140.94,129,834,0.0000,0.9082,0.9011,0.8425
4400,L0.qkv_lut,1.0000,128.00,101,702,0.0000,0.9992,0.9609,0.7767
4400,L0.v_lut,0.9899,32.33,21,533,0.0117,0.8429,0.3021,0.0946
4400,L0.out_proj,0.9722,32.92,21,784,0.0281,0.7672,0.3396,0.1351
4400,L0.residual_lut,0.9980,128.25,89,1085,0.0020,0.9736,0.8247,0.6265
4400,L1.qkv_lut,0.9984,128.21,89,1261,0.0046,0.9678,0.8172,0.6203
4400,L1.v_lut,0.9272,34.51,17,786,0.0555,0.6535,0.2981,0.1419
4400,L1.out_proj,0.9873,32.41,22,602,0.0218,0.8006,0.3520,0.1329
4400,L1.residual_lut,1.0000,128.00,102,838,0.0000,0.9919,0.9016,0.7109
4400,L2.qkv_lut,0.9946,128.69,101,865,0.0000,0.9891,0.8971,0.7111
4400,L2.v_lut,0.9777,32.73,19,654,0.0285,0.7559,0.3336,0.1388
4400,L2.out_proj,0.9807,32.63,21,470,0.0269,0.7773,0.3426,0.1351
4400,L2.residual_lut,0.9993,128.09,96,1078,0.0017,0.9795,0.8523,0.6614
4400,L3.qkv_lut,0.9984,128.21,93,1132,0.0013,0.9771,0.8351,0.6419
4400,L3.v_lut,0.9464,33.81,18,706,0.0469,0.6902,0.3163,0.1441
4400,L3.out_proj,0.9373,34.14,18,696,0.0510,0.6704,0.3085,0.1442
4400,L3.residual_lut,0.9985,128.19,83,1387,0.0020,0.9641,0.7883,0.5901
4400,L4.qkv_lut,0.9893,129.39,83,1309,0.0065,0.9421,0.7677,0.5796
4400,L4.v_lut,0.9154,34.96,15,1319,0.0612,0.6198,0.2719,0.1379
4400,L4.out_proj,0.9192,34.81,15,790,0.0616,0.6213,0.2817,0.1413
4400,L4.residual_lut,1.0000,128.00,115,646,0.0000,1.0000,0.9763,0.8574
4400,L5.qkv_lut,0.9974,128.33,116,765,0.0013,0.9941,0.9754,0.8600
4400,L5.v_lut,0.9883,32.38,27,438,0.0038,0.9291,0.3988,0.0890
4400,L5.out_proj,0.9973,32.09,24,407,0.0059,0.8853,0.3625,0.1128
4400,L5.residual_lut,0.9082,140.94,129,785,0.0000,0.9080,0.9014,0.8413
